	USD
0	27.0
1	26.9
2	27.23
3	27.73
4	28.44
5	28.85
6	28.65
7	28.57
8	28.57
9	28.57
10	28.52
11	28.51
12	28.44
13	28.44
14	28.49
15	28.55
16	28.55
17	28.55
18	28.55
19	28.55
20	28.64
21	28.77
22	28.77
23	28.76
24	28.72
25	28.69
26	28.66
27	28.77
28	28.77
29	28.72
30	28.71
31	28.79
32	28.74
33	28.74
34	28.87
35	28.83
36	28.8
37	28.7
38	28.66
39	28.65
40	28.64
41	28.6
42	28.59
43	28.58
44	28.55
45	28.53
46	28.51
47	28.5
48	28.49
49	28.46
50	28.43
51	28.41
52	28.39
53	28.38
54	28.36
55	28.34
56	28.33
57	28.31
58	28.29
59	28.27
60	28.46
61	28.6
62	28.78
63	28.76
64	28.72
65	28.68
66	28.66
67	28.63
68	28.59
69	28.56
70	28.53
71	28.5
72	28.6
73	28.78
74	28.62
75	28.59
76	28.55
77	28.53
78	28.53
79	28.46
80	28.43
81	28.4
82	28.38
83	28.36
84	28.36
85	28.36
86	28.34
87	28.32
88	28.3
89	28.28
90	28.27
91	28.27
92	28.33
93	28.31
94	28.3
95	28.29
96	28.28
97	28.28
98	28.27
99	28.27
100	28.25
101	28.23
102	28.25
103	28.34
104	28.34
105	28.32
106	28.3
107	28.27
108	28.25
109	28.43
110	28.33
111	28.29
112	28.26
113	28.24
114	28.23
115	28.22
116	28.19
117	28.17
118	28.13
119	28.11
120	28.09
121	28.07
122	28.05
123	28.03
124	28.03
125	28.03
126	28.01
127	27.99
128	27.97
129	27.92
130	27.9
131	27.87
132	27.85
133	27.83
134	27.81
135	27.75
136	27.66
137	27.64
138	27.64
139	27.64
140	27.64
141	27.7
142	27.8
143	27.82
144	27.85
145	27.83
146	27.8
147	27.77
148	27.73
149	27.73
150	27.7
151	27.7
152	27.69
153	27.69
154	27.74
155	27.73
156	27.73
157	27.73
158	27.71
159	27.71
160	27.71
161	27.7
162	27.7
163	27.7
164	27.75
165	27.75
166	27.75
167	27.75
168	27.75
169	27.84
170	27.88
171	27.84
172	27.86
173	27.84
174	27.82
175	27.82
176	27.78
177	27.73
178	27.73
179	27.77
180	27.82
181	27.82
182	27.79
183	27.85
184	27.82
185	27.81
186	27.75
187	27.75
188	27.76
189	27.76
190	27.81
191	27.86
192	27.88
193	27.88
194	27.94
195	27.86
196	27.91
197	27.9
198	27.83
199	27.8
200	27.87
201	27.93
202	27.93
203	27.93
204	27.91
205	27.87
206	27.92
207	27.89
208	27.83
209	27.82
210	27.86
211	27.84
212	27.81
213	27.81
214	27.79
215	27.72
216	27.78
217	27.77
218	27.7
219	27.67
220	27.76
221	27.81
222	27.83
223	27.83
224	27.85
225	27.85
226	27.88
227	27.86
228	27.86
229	27.85
230	27.89
231	27.89
232	27.91
233	27.95
234	27.93
235	27.93
236	27.95
237	27.95
238	27.97
239	27.92
240	27.97
241	27.95
242	27.95
243	27.96
244	27.96
245	27.97
246	27.97
247	28.07
248	28.16
249	28.16
250	28.16
251	28.16
252	28.48
253	28.43
254	28.39
255	28.38
256	28.39
257	28.35
258	28.35
259	28.32
260	28.39
261	28.36
262	28.34
263	28.37
264	28.39
265	28.39
266	28.4
267	28.36
268	28.36
269	28.37
270	28.4
271	28.44
272	28.45
273	28.44
274	28.45
275	28.47
276	28.5
277	28.59
278	28.68
279	28.68
280	28.67
281	28.68
282	28.66
283	28.66
284	28.69
285	28.65
286	28.61
287	28.68
288	28.76
289	28.72
290	28.62
291	28.62
292	28.65
293	28.66
294	28.63
295	28.62
296	28.62
297	28.67
298	28.65
299	28.66
300	28.66
301	28.66
302	28.65
303	28.62
304	28.65
305	28.76
306	28.76
307	28.76
308	28.73
309	28.76
310	28.76
311	28.74
312	28.77
313	28.86
314	28.86
315	28.86
316	28.86
317	28.84
318	28.79
319	28.87
320	28.86
321	28.82
322	28.85
323	28.86
324	28.87
325	28.9
326	28.88
327	28.84
328	28.85
329	28.9
330	28.86
331	28.83
332	28.83
333	28.88
334	28.96
335	28.96
336	28.96
337	28.95
338	28.96
339	28.99
340	29.04
341	29.02
342	29.07
343	29.09
344	29.09
345	29.08
346	29.07
347	29.08
348	29.07
349	29.07
350	29.1
351	29.09
352	29.14
353	29.15
354	29.16
355	29.16
356	29.16
357	29.16
358	29.13
359	29.13
360	29.12
361	29.08
362	29.07
363	29.05
364	29.09
365	29.14
366	29.08
367	29.1
368	29.1
369	29.09
370	29.12
371	29.11
372	29.07
373	29.16
374	29.18
375	29.18
376	29.17
377	29.17
378	29.22
379	29.23
380	29.2
381	29.21
382	29.2
383	29.23
384	29.21
385	29.24
386	29.27
387	29.28
388	29.25
389	29.28
390	29.25
391	29.23
392	29.25
393	29.27
394	29.32
395	29.3
396	29.33
397	29.36
398	29.34
399	29.31
400	29.31
401	29.34
402	29.34
403	29.31
404	29.33
405	29.34
406	29.35
407	29.36
408	29.37
409	29.35
410	29.35
411	29.37
412	29.37
413	29.35
414	29.36
415	29.36
416	29.37
417	29.41
418	29.41
419	29.45
420	29.45
421	29.45
422	29.43
423	29.43
424	29.44
425	29.45
426	29.47
427	29.45
428	29.44
429	29.43
430	29.45
431	29.43
432	29.4
433	29.42
434	29.43
435	29.4
436	29.4
437	29.39
438	29.43
439	29.45
440	29.48
441	29.5
442	29.52
443	29.52
444	29.52
445	29.5
446	29.53
447	29.5
448	29.51
449	29.49
450	29.54
451	29.55
452	29.55
453	29.54
454	29.54
455	29.57
456	29.59
457	29.63
458	29.68
459	29.7
460	29.68
461	29.7
462	29.73
463	29.74
464	29.68
465	29.68
466	29.71
467	29.71
468	29.72
469	29.72
470	29.76
471	29.78
472	29.8
473	29.91
474	29.9
475	29.9
476	29.93
477	29.93
478	29.93
479	29.93
480	29.9
481	29.9
482	29.93
483	29.93
484	29.94
485	29.92
486	29.95
487	30.09
488	30.08
489	30.19
490	30.18
491	30.3
492	30.28
493	30.28
494	30.26
495	30.08
496	30.12
497	30.12
498	30.21
499	30.14
500	30.1372
501	30.1372
502	30.1372
503	30.1372
504	30.5753
505	30.4999
506	30.4399
507	30.4491
508	30.4751
509	30.4778
510	30.5798
511	30.5788
512	30.5788
513	30.5572
514	30.5596
515	30.538
516	30.5949
517	30.6623
518	30.654
519	30.685
520	30.6797
521	30.6827
522	30.7299
523	30.7246
524	30.7318
525	30.7236
526	30.7644
527	30.8163
528	30.8421
529	30.8438
530	30.8281
531	30.8206
532	30.8206
533	30.8949
534	30.884
535	30.858
536	30.8409
537	30.8949
538	30.9274
539	30.9404
540	30.9436
541	30.9949
542	30.9909
543	30.9946
544	30.9946
545	31.0632
546	31.0545
547	31.0758
548	31.0237
549	31.071
550	31.1119
551	31.1248
552	31.1325
553	31.1276
554	31.1168
555	31.151
556	31.1353
557	31.1147
558	31.0686
559	31.1192
560	31.1741
561	31.1733
562	31.1933
563	31.184
564	31.182
565	31.1893
566	31.1644
567	31.1679
568	31.1982
569	31.1734
570	31.1522
571	31.1498
572	31.1517
573	31.1649
574	31.1711
575	31.1516
576	31.1498
577	31.1579
578	31.1783
579	31.1977
580	31.1977
581	31.1963
582	31.1951
583	31.1967
584	31.1951
585	31.2119
586	31.2471
587	31.2453
588	31.2468
589	31.2554
590	31.2553
591	31.2553
592	31.2551
593	31.255
594	31.2652
595	31.275
596	31.285
597	31.285
598	31.3043
599	31.3071
600	31.3071
601	31.3058
602	31.3136
603	31.3272
604	31.3521
605	31.3924
606	31.397
607	31.4046
608	31.3928
609	31.3958
610	31.3965
611	31.3903
612	31.4115
613	31.4337
614	31.437
615	31.4531
616	31.4725
617	31.4758
618	31.4608
619	31.439
620	31.4471
621	31.5002
622	31.5124
623	31.5128
624	31.5128
625	31.5156
626	31.53
627	31.5533
628	31.5476
629	31.5437
630	31.5555
631	31.4948
632	31.4779
633	31.5395
634	31.5394
635	31.5332
636	31.5056
637	31.5015
638	31.5035
639	31.5333
640	31.5069
641	31.4701
642	31.4401
643	31.4568
644	31.5238
645	31.5502
646	31.5409
647	31.5324
648	31.5542
649	31.5581
650	31.5828
651	31.5612
652	31.5321
653	31.5405
654	31.5608
655	31.5668
656	31.555
657	31.565
658	31.5735
659	31.5711
660	31.5725
661	31.5803
662	31.5542
663	31.5752
664	31.5744
665	31.5673
666	31.5673
667	31.6053
668	31.6117
669	31.6113
670	31.6123
671	31.6268
672	31.6302
673	31.6409
674	31.6493
675	31.6415
676	31.6297
677	31.6244
678	31.6251
679	31.6425
680	31.6379
681	31.6325
682	31.6354
683	31.6382
684	31.635
685	31.6358
686	31.6827
687	31.6919
688	31.6982
689	31.6809
690	31.68
691	31.6795
692	31.6799
693	31.6803
694	31.6685
695	31.6703
696	31.6703
697	31.6762
698	31.6767
699	31.6761
700	31.6727
701	31.6973
702	31.7272
703	31.7159
704	31.7109
705	31.7314
706	31.7411
707	31.6977
708	31.7408
709	31.7701
710	31.7646
711	31.7744
712	31.7909
713	31.7756
714	31.7756
715	31.7756
716	31.8226
717	31.8157
718	31.8203
719	31.8225
720	31.8231
721	31.8224
722	31.823
723	31.8248
724	31.8222
725	31.8416
726	31.8382
727	31.84
728	31.84
729	31.8424
730	31.8547
731	31.8584
732	31.8596
733	31.8578
734	31.86
735	31.8597
736	31.8583
737	31.86
738	31.86
739	31.8527
740	31.8588
741	31.8574
742	31.8542
743	31.845
744	31.7966
745	31.7919
746	31.7919
747	31.791
748	31.7844
749	31.7844
750	31.7844
751	31.7844
752	31.7844
753	31.8846
754	31.882
755	31.8327
756	31.8253
757	31.835
758	31.8139
759	31.8071
760	31.8224
761	31.8224
762	31.8003
763	31.8095
764	31.811
765	31.8015
766	31.8001
767	31.8001
768	31.8
769	31.8222
770	31.8345
771	31.8517
772	31.8354
773	31.8351
774	31.835
775	31.8352
776	31.8214
777	31.784
778	31.7101
779	31.6554
780	31.6406
781	31.6406
782	31.5503
783	31.581
784	31.5501
785	31.55
786	31.5875
787	31.6065
788	31.5762
789	31.5729
790	31.5956
791	31.5809
792	31.592
793	31.5891
794	31.5619
795	31.5076
796	31.4407
797	31.3818
798	31.382
799	31.3872
800	31.4077
801	31.3976
802	31.384
803	31.3811
804	31.3803
805	31.38
806	31.3829
807	31.38
808	31.3805
809	31.3801
810	31.3175
811	31.286
812	31.2908
813	31.2818
814	31.2798
815	31.2814
816	31.2821
817	31.2829
818	31.2849
819	31.2345
820	31.189
821	31.1905
822	31.1831
823	31.1899
824	31.1022
825	31.1025
826	31.1003
827	31.1
828	31.1
829	31.1
830	31.1
831	31.1021
832	31.1105
833	31.1184
834	31.1009
835	31.1001
836	31.0076
837	30.9801
838	30.9811
839	30.98
840	30.8902
841	30.89
842	30.89
843	30.8902
844	30.8316
845	30.8316
846	30.72
847	30.72
848	30.6186
849	30.6691
850	30.709
851	30.64
852	30.7427
853	30.7599
854	30.6478
855	30.5658
856	30.4613
857	30.5589
858	30.5123
859	30.4612
860	30.3805
861	30.38
862	30.3807
863	30.3807
864	30.3205
865	30.3546
866	30.3511
867	30.318
868	30.3396
869	30.3483
870	30.3809
871	30.3267
872	30.28
873	30.28
874	30.2906
875	30.3014
876	30.3574
877	30.4178
878	30.3642
879	30.3808
880	30.4955
881	30.5349
882	30.5175
883	30.4891
884	30.4316
885	30.3647
886	30.2976
887	30.3469
888	30.3557
889	30.322
890	30.2467
891	30.245
892	30.2596
893	30.2791
894	30.3031
895	30.332
896	30.2813
897	30.2979
898	30.3359
899	30.3977
900	30.3764
901	30.3524
902	30.3832
903	30.3287
904	30.3532
905	30.3246
906	30.3258
907	30.311
908	30.3251
909	30.31
910	30.3014
911	30.361
912	30.3916
913	30.5036
914	30.5036
915	30.5458
916	30.5547
917	30.604
918	30.6396
919	30.6844
920	30.7013
921	30.6407
922	30.6307
923	30.6565
924	30.659
925	30.7007
926	30.7007
927	30.68
928	30.5877
929	30.56
930	30.4909
931	30.4998
932	30.451
933	30.4721
934	30.4998
935	30.6119
936	30.6142
937	30.5693
938	30.4676
939	30.4382
940	30.4604
941	30.3819
942	30.3773
943	30.235
944	30.235
945	30.0552
946	30.2348
947	30.1235
948	30.1254
949	30.0741
950	30.0179
951	29.9319
952	29.9206
953	29.915
954	29.9156
955	30.0847
956	29.9335
957	29.8189
958	29.8584
959	29.9451
960	29.9441
961	29.8608
962	29.8124
963	29.8113
964	29.8113
965	29.804
966	29.8104
967	29.859
968	29.8186
969	29.7972
970	29.8004
971	29.7952
972	29.8084
973	29.7979
974	29.7356
975	29.736
976	29.736
977	29.7369
978	29.7387
979	29.7038
980	29.6995
981	29.695
982	29.6953
983	29.6322
984	29.5502
985	29.5529
986	29.5375
987	29.4394
988	29.3861
989	29.304
990	29.2522
991	29.2454
992	29.245
993	29.2719
994	29.245
995	29.245
996	29.245
997	29.2533
998	29.4545
999	29.4545
1000	29.4545
1001	29.4545
1002	29.245
1003	29.135
1004	28.9918
1005	28.8711
1006	28.8841
1007	28.8691
1008	28.8795
1009	28.8795
1010	28.7961
1011	28.7853
1012	28.8026
1013	28.6959
1014	28.5514
1015	28.4963
1016	28.5139
1017	28.485
1018	28.4916
1019	28.4937
1020	28.5252
1021	28.6205
1022	28.5281
1023	28.4906
1024	28.5744
1025	28.4939
1026	28.5048
1027	28.5312
1028	28.518
1029	28.518
1030	28.4949
1031	28.4878
1032	28.4851
1033	28.4959
1034	28.4934
1035	28.4931
1036	28.4973
1037	28.511
1038	28.5156
1039	28.5162
1040	28.5321
1041	28.5895
1042	28.6654
1043	28.6343
1044	28.5216
1045	28.5733
1046	28.5726
1047	28.5083
1048	28.5064
1049	28.5121
1050	28.534
1051	28.5005
1052	28.5045
1053	28.5121
1054	28.4855
1055	28.4852
1056	28.4979
1057	28.4891
1058	28.4886
1059	28.4853
1060	28.5151
1061	28.5024
1062	28.5095
1063	28.5385
1064	28.541
1065	28.5296
1066	28.5172
1067	28.5065
1068	28.5535
1069	28.5892
1070	28.6221
1071	28.6104
1072	28.6223
1073	28.6693
1074	28.7662
1075	28.9237
1076	28.98
1077	28.9671
1078	29.0033
1079	28.87
1080	28.8636
1081	28.8834
1082	28.9612
1083	28.8976
1084	28.873
1085	28.953
1086	28.9862
1087	29.0587
1088	29.0772
1089	29.0684
1090	29.0436
1091	28.9983
1092	28.9924
1093	28.9904
1094	28.9863
1095	28.9916
1096	28.9763
1097	28.9817
1098	28.985
1099	28.985
1100	28.9993
1101	29.0053
1102	29.0511
1103	29.0859
1104	29.0658
1105	29.0346
1106	29.0219
1107	29.0337
1108	29.0424
1109	29.0287
1110	29.02
1111	29.0199
1112	29.029
1113	29.0257
1114	29.017
1115	29.0206
1116	29.0243
1117	29.0218
1118	29.0256
1119	29.0242
1120	29.0274
1121	29.0471
1122	29.0388
1123	29.0409
1124	29.0356
1125	29.0402
1126	29.0639
1127	29.1019
1128	29.11
1129	29.1332
1130	29.1248
1131	29.1037
1132	29.077
1133	29.0908
1134	29.0805
1135	29.0815
1136	29.0882
1137	29.0891
1138	29.083
1139	29.0928
1140	29.0832
1141	29.0871
1142	29.0891
1143	29.1019
1144	29.1405
1145	29.1829
1146	29.1764
1147	29.1761
1148	29.1907
1149	29.2491
1150	29.2381
1151	29.2519
1152	29.276
1153	29.2579
1154	29.2229
1155	29.2152
1156	29.2176
1157	29.2325
1158	29.2199
1159	29.2178
1160	29.2208
1161	29.2225
1162	29.2226
1163	29.2289
1164	29.2447
1165	29.2591
1166	29.2552
1167	29.2322
1168	29.2307
1169	29.2183
1170	29.2187
1171	29.2239
1172	29.2173
1173	29.2166
1174	29.2151
1175	29.2162
1176	29.2151
1177	29.2187
1178	29.2214
1179	29.2154
1180	29.2165
1181	29.2172
1182	29.2146
1183	29.2151
1184	29.2164
1185	29.215
1186	29.2171
1187	29.2224
1188	29.2175
1189	29.2159
1190	29.219
1191	29.2215
1192	29.2204
1193	29.2218
1194	29.1272
1195	29.1152
1196	29.1199
1197	29.1154
1198	29.1151
1199	29.1191
1200	29.1175
1201	29.115
1202	29.1154
1203	28.9989
1204	28.8673
1205	28.7709
1206	28.7674
1207	28.7783
1208	28.7655
1209	28.7651
1210	28.7778
1211	28.7811
1212	28.765
1213	28.668
1214	28.6502
1215	28.6718
1216	28.6889
1217	28.6651
1218	28.6696
1219	28.6882
1220	28.6687
1221	28.5387
1222	28.5455
1223	28.5208
1224	28.5217
1225	28.4144
1226	28.3205
1227	28.2659
1228	28.2367
1229	28.1496
1230	28.0161
1231	27.9951
1232	27.9271
1233	27.8402
1234	27.8741
1235	27.9772
1236	28.0293
1237	28.1243
1238	27.9955
1239	27.9103
1240	27.8372
1241	27.8821
1242	27.8917
1243	27.8887
1244	27.8389
1245	27.8341
1246	27.8251
1247	27.7796
1248	27.775
1249	27.7487
1250	27.7487
1251	27.7487
1252	27.9549
1253	27.88
1254	27.8677
1255	27.9469
1256	27.9668
1257	28.1129
1258	28.1573
1259	28.1594
1260	28.1569
1261	28.0157
1262	27.9804
1263	28.1017
1264	28.0025
1265	28.0845
1266	28.1136
1267	27.9656
1268	27.9665
1269	28.0104
1270	27.9833
1271	28.1237
1272	28.1872
1273	28.133
1274	28.0853
1275	28.0688
1276	28.0306
1277	28.0207
1278	28.0016
1279	27.9998
1280	27.9359
1281	27.9365
1282	27.8312
1283	27.745
1284	27.7738
1285	27.7007
1286	27.7091
1287	27.699
1288	27.7245
1289	27.7518
1290	27.6698
1291	27.5562
1292	27.4637
1293	27.4629
1294	27.477
1295	27.4902
1296	27.489
1297	27.4611
1298	27.4827
1299	27.5442
1300	27.5764
1301	27.6381
1302	27.697
1303	27.7112
1304	27.8198
1305	27.8313
1306	27.8256
1307	27.8548
1308	27.8831
1309	27.8926
1310	27.9394
1311	27.8739
1312	27.8085
1313	27.8789
1314	27.7933
1315	27.765
1316	27.7907
1317	27.8291
1318	27.9031
1319	27.8222
1320	27.7543
1321	27.7241
1322	27.7074
1323	27.7304
1324	27.7463
1325	27.7586
1326	27.8055
1327	27.794
1328	27.7726
1329	27.8364
1330	27.7896
1331	27.7845
1332	27.7852
1333	27.816
1334	27.8677
1335	27.9237
1336	28.0223
1337	27.9929
1338	28.0055
1339	27.9608
1340	27.9719
1341	28.0619
1342	28.0327
1343	28.0367
1344	28.0638
1345	28.0813
1346	28.0919
1347	28.1946
1348	28.2885
1349	28.375
1350	28.3761
1351	28.429
1352	28.4133
1353	28.3766
1354	28.4457
1355	28.4671
1356	28.5658
1357	28.6237
1358	28.6024
1359	28.5841
1360	28.4765
1361	28.5497
1362	28.5528
1363	28.6193
1364	28.6787
1365	28.5802
1366	28.584
1367	28.6721
1368	28.6282
1369	28.6794
1370	28.8005
1371	28.8333
1372	28.8185
1373	28.831
1374	28.8374
1375	28.7154
1376	28.5938
1377	28.5678
1378	28.6679
1379	28.6269
1380	28.6726
1381	28.7252
1382	28.6744
1383	28.6012
1384	28.5792
1385	28.6898
1386	28.6888
1387	28.7304
1388	28.6817
1389	28.6341
1390	28.595
1391	28.5826
1392	28.604
1393	28.4854
1394	28.4171
1395	28.4355
1396	28.3791
1397	28.3931
1398	28.3788
1399	28.3122
1400	28.3815
1401	28.4161
1402	28.473
1403	28.4936
1404	28.6003
1405	28.5852
1406	28.5494
1407	28.5844
1408	28.4572
1409	28.4505
1410	28.4368
1411	28.545
1412	28.5566
1413	28.4637
1414	28.3037
1415	28.1977
1416	28.2108
1417	28.2015
1418	28.2562
1419	28.2517
1420	28.3566
1421	28.3856
1422	28.316
1423	28.3698
1424	28.3026
1425	28.4582
1426	28.4065
1427	28.3812
1428	28.3603
1429	28.432
1430	28.5463
1431	28.5678
1432	28.5366
1433	28.4989
1434	28.5348
1435	28.6132
1436	28.643
1437	28.6157
1438	28.5207
1439	28.4577
1440	28.4708
1441	28.5562
1442	28.625
1443	28.599
1444	28.5861
1445	28.5291
1446	28.614
1447	28.6715
1448	28.6219
1449	28.5666
1450	28.6248
1451	28.6087
1452	28.4633
1453	28.4793
1454	28.4244
1455	28.503
1456	28.581
1457	28.5805
1458	28.5544
1459	28.7593
1460	28.8389
1461	28.828
1462	28.8135
1463	28.879
1464	28.825
1465	28.8503
1466	28.838
1467	28.876
1468	28.8436
1469	28.7745
1470	28.8108
1471	28.7267
1472	28.741
1473	28.7896
1474	28.8698
1475	28.7312
1476	28.7792
1477	28.816
1478	28.9646
1479	28.9978
1480	28.9123
1481	28.9261
1482	28.9799
1483	28.9258
1484	28.8571
1485	28.7135
1486	28.661
1487	28.6892
1488	28.6523
1489	28.64
1490	28.6649
1491	28.7629
1492	28.84
1493	28.7799
1494	28.8059
1495	28.8177
1496	28.7472
1497	28.79
1498	28.7825
1499	28.4821
1500	28.4834
1501	28.3966
1502	28.474
1503	28.3007
1504	28.2697
1505	28.3023
1506	28.2863
1507	28.2909
1508	28.0512
1509	27.9898
1510	27.9805
1511	27.9698
1512	28.024
1513	28.1207
1514	28.1305
1515	28.1042
1516	28.1901
1517	28.1732
1518	28.2349
1519	28.2524
1520	28.2642
1521	28.2496
1522	28.2411
1523	28.2369
1524	28.1844
1525	28.1994
1526	28.2225
1527	28.2182
1528	28.1451
1529	28.1908
1530	28.1827
1531	28.155
1532	28.1223
1533	28.1211
1534	28.0245
1535	28.0279
1536	27.9305
1537	27.881
1538	27.9945
1539	28.0
1540	28.0203
1541	28.0079
1542	27.9929
1543	27.8432
1544	27.8171
1545	27.7028
1546	27.6615
1547	27.7027
1548	27.7383
1549	27.768
1550	27.847
1551	27.773
1552	27.8019
1553	27.8043
1554	27.7626
1555	27.6996
1556	27.7737
1557	27.6921
1558	27.5602
1559	27.5332
1560	27.6077
1561	27.7085
1562	27.6797
1563	27.6625
1564	27.6985
1565	27.7002
1566	27.6336
1567	27.5675
1568	27.465
1569	27.4666
1570	27.5198
1571	27.4331
1572	27.4244
1573	27.3921
1574	27.3621
1575	27.2739
1576	27.2424
1577	27.159
1578	27.2085
1579	27.1258
1580	27.0801
1581	27.0359
1582	27.0755
1583	26.9431
1584	26.9187
1585	27.0209
1586	26.9569
1587	27.0663
1588	26.9987
1589	27.0965
1590	26.9876
1591	27.0168
1592	27.0381
1593	27.0349
1594	27.0652
1595	26.984
1596	26.9355
1597	27.0474
1598	26.8868
1599	26.7089
1600	26.7331
1601	26.8582
1602	26.8801
1603	27.0079
1604	27.0836
1605	27.0895
1606	27.0369
1607	26.9869
1608	27.0379
1609	27.045
1610	27.0163
1611	26.9738
1612	27.0491
1613	27.1021
1614	27.0334
1615	27.0611
1616	27.0789
1617	26.9423
1618	26.8735
1619	26.8397
1620	26.8559
1621	26.9111
1622	26.8781
1623	26.8558
1624	26.9125
1625	26.867
1626	26.9189
1627	26.9631
1628	26.9277
1629	27.0194
1630	27.0554
1631	26.9674
1632	26.9122
1633	26.9223
1634	26.9073
1635	26.9878
1636	26.8431
1637	26.8718
1638	26.8197
1639	26.8416
1640	26.7605
1641	26.804
1642	26.771
1643	26.6962
1644	26.7348
1645	26.7391
1646	26.6738
1647	26.793
1648	26.8189
1649	26.8337
1650	26.7804
1651	26.7225
1652	26.7364
1653	26.705
1654	26.6964
1655	26.7614
1656	26.7863
1657	26.7998
1658	26.7672
1659	26.7446
1660	26.7379
1661	26.7295
1662	26.7542
1663	26.7222
1664	26.6406
1665	26.6714
1666	26.6708
1667	26.7625
1668	26.7965
1669	26.7764
1670	26.798
1671	26.8015
1672	26.7667
1673	26.8048
1674	26.7715
1675	26.7974
1676	26.7674
1677	26.6712
1678	26.6665
1679	26.7263
1680	26.7944
1681	26.7498
1682	26.7799
1683	26.7948
1684	26.7335
1685	26.7671
1686	26.7803
1687	26.8102
1688	26.8919
1689	26.889
1690	26.9537
1691	26.9508
1692	26.9314
1693	26.969
1694	26.9445
1695	26.9288
1696	26.9351
1697	26.851
1698	26.8804
1699	26.9307
1700	26.9025
1701	26.8305
1702	26.7884
1703	26.7477
1704	26.7811
1705	26.7285
1706	26.7277
1707	26.7007
1708	26.7218
1709	26.7044
1710	26.6982
1711	26.6195
1712	26.6194
1713	26.6509
1714	26.6548
1715	26.6551
1716	26.6888
1717	26.6402
1718	26.6548
1719	26.6122
1720	26.556
1721	26.5199
1722	26.3666
1723	26.3503
1724	26.3147
1725	26.3081
1726	26.2465
1727	26.2056
1728	26.184
1729	26.1883
1730	26.1917
1731	26.2356
1732	26.2977
1733	26.2609
1734	26.2332
1735	26.2645
1736	26.3298
1737	26.3884
1738	26.383
1739	26.2759
1740	26.2928
1741	26.2941
1742	26.3528
1743	26.36
1744	26.3365
1745	26.3789
1746	26.3311
1747	26.4465
1748	26.4898
1749	26.532
1750	26.577
1751	26.5645
1752	26.5481
1753	26.5646
1754	26.5343
1755	26.5075
1756	26.5214
1757	26.524
1758	26.4879
1759	26.5018
1760	26.5575
1761	26.5747
1762	26.5331
1763	26.5484
1764	26.4882
1765	26.48
1766	26.5288
1767	26.5543
1768	26.504
1769	26.3945
1770	26.3473
1771	26.3414
1772	26.3759
1773	26.306
1774	26.2314
1775	26.2358
1776	26.2131
1777	26.1964
1778	26.1967
1779	26.2474
1780	26.173
1781	26.1599
1782	26.1481
1783	26.1366
1784	26.174
1785	26.2147
1786	26.2432
1787	26.2352
1788	26.2086
1789	26.2278
1790	26.1873
1791	26.1491
1792	26.13
1793	26.0476
1794	26.0419
1795	26.0414
1796	26.0335
1797	25.9709
1798	26.0109
1799	26.077
1800	26.018
1801	25.9956
1802	26.0204
1803	26.0113
1804	25.9947
1805	25.9839
1806	26.0094
1807	25.9871
1808	25.9252
1809	25.9846
1810	25.921
1811	25.9181
1812	25.8647
1813	25.8286
1814	25.7966
1815	25.7994
1816	25.7469
1817	25.7657
1818	25.724
1819	25.7617
1820	25.776
1821	25.6948
1822	25.6934
1823	25.7446
1824	25.6851
1825	25.7564
1826	25.7288
1827	25.7691
1828	25.7351
1829	25.7334
1830	25.7771
1831	25.8594
1832	25.8067
1833	25.7927
1834	25.7376
1835	25.8074
1836	25.8492
1837	25.8388
1838	25.8831
1839	25.8964
1840	25.9002
1841	25.9152
1842	25.8884
1843	25.9029
1844	25.9031
1845	25.9043
1846	25.8983
1847	25.8928
1848	25.8493
1849	25.818
1850	25.8428
1851	25.9247
1852	25.9811
1853	26.042
1854	26.0465
1855	26.0323
1856	25.9558
1857	25.9268
1858	25.9372
1859	25.9692
1860	25.9356
1861	25.901
1862	25.7781
1863	25.8468
1864	25.7965
1865	25.8162
1866	25.7288
1867	25.6574
1868	25.6629
1869	25.6742
1870	25.7305
1871	25.7016
1872	25.6586
1873	25.5363
1874	25.5167
1875	25.4936
1876	25.4728
1877	25.4563
1878	25.4401
1879	25.4216
1880	25.4144
1881	25.3853
1882	25.3964
1883	25.4132
1884	25.4989
1885	25.4963
1886	25.5999
1887	25.5448
1888	25.6008
1889	25.5945
1890	25.5554
1891	25.452
1892	25.4702
1893	25.4837
1894	25.3444
1895	25.507
1896	25.4661
1897	25.5319
1898	25.6367
1899	25.7379
1900	25.7818
1901	25.7408
1902	25.8429
1903	25.8405
1904	25.7105
1905	25.7609
1906	25.6544
1907	25.6753
1908	25.763
1909	25.6494
1910	25.6262
1911	25.5896
1912	25.5982
1913	25.6997
1914	25.6639
1915	25.6618
1916	25.5708
1917	25.5154
1918	25.4056
1919	25.3679
1920	25.3422
1921	25.3286
1922	25.3547
1923	25.1867
1924	25.1258
1925	25.054
1926	25.0062
1927	25.0315
1928	24.9755
1929	24.9619
1930	24.9493
1931	24.8784
1932	24.9093
1933	24.9297
1934	25.0111
1935	24.9814
1936	24.98
1937	25.0597
1938	24.9842
1939	24.9199
1940	24.9216
1941	24.923
1942	24.9012
1943	24.9275
1944	24.8749
1945	24.8494
1946	24.8066
1947	24.9225
1948	24.8912
1949	24.8508
1950	24.7722
1951	24.6983
1952	24.7238
1953	24.6724
1954	24.6847
1955	24.6674
1956	24.6232
1957	24.5123
1958	24.483
1959	24.4458
1960	24.4946
1961	24.5286
1962	24.4917
1963	24.462
1964	24.5153
1965	24.4975
1966	24.4328
1967	24.3391
1968	24.3174
1969	24.2649
1970	24.3104
1971	24.3111
1972	24.3622
1973	24.3506
1974	24.4171
1975	24.456
1976	24.4733
1977	24.4236
1978	24.5506
1979	24.5295
1980	24.488
1981	24.4174
1982	24.4432
1983	24.4286
1984	24.5092
1985	24.706
1986	24.7236
1987	24.7281
1988	24.7529
1989	24.7235
1990	24.7307
1991	24.7196
1992	24.7019
1993	24.6387
1994	24.5398
1995	24.5462
1996	24.4387
1997	24.4796
1998	24.3671
1999	24.2913
2000	24.2858
2001	24.3367
2002	24.5043
2003	24.5076
2004	24.6456
2005	24.8917
2006	24.6325
2007	24.6349
2008	24.4386
2009	24.5952
2010	24.475
2011	24.4764
2012	24.4262
2013	24.4201
2014	24.4543
2015	24.5211
2016	24.6706
2017	24.6466
2018	24.7813
2019	24.6715
2020	24.6537
2021	24.6655
2022	24.6392
2023	24.5861
2024	24.5767
2025	24.5206
2026	24.5486
2027	24.5299
2028	24.4663
2029	24.4558
2030	24.1966
2031	24.1159
2032	24.0023
2033	24.0103
2034	24.048
2035	24.0473
2036	23.9349
2037	23.8353
2038	23.8587
2039	23.8461
2040	23.6924
2041	23.649
2042	23.5126
2043	23.5325
2044	23.5581
2045	23.6781
2046	23.7773
2047	23.8351
2048	23.701
2049	23.6559
2050	23.5171
2051	23.5156
2052	23.5027
2053	23.5799
2054	23.6706
2055	23.6153
2056	23.5982
2057	23.6028
2058	23.533
2059	23.5437
2060	23.4628
2061	23.4825
2062	23.5139
2063	23.4549
2064	23.4482
2065	23.3703
2066	23.3696
2067	23.4704
2068	23.4299
2069	23.3448
2070	23.4391
2071	23.6007
2072	23.6037
2073	23.6471
2074	23.6588
2075	23.7939
2076	23.7633
2077	23.7456
2078	23.7523
2079	23.8833
2080	23.8328
2081	23.7199
2082	23.8521
2083	23.8482
2084	23.8391
2085	23.7238
2086	23.7462
2087	23.6874
2088	23.5758
2089	23.6007
2090	23.5483
2091	23.5513
2092	23.5847
2093	23.6659
2094	23.7384
2095	23.7473
2096	23.6968
2097	23.8019
2098	23.8116
2099	23.6809
2100	23.5651
2101	23.521
2102	23.6109
2103	23.6748
2104	23.7795
2105	23.6402
2106	23.6586
2107	23.5979
2108	23.6288
2109	23.5908
2110	23.6223
2111	23.6113
2112	23.5245
2113	23.4573
2114	23.4068
2115	23.4689
2116	23.4147
2117	23.3759
2118	23.5125
2119	23.5589
2120	23.5024
2121	23.4147
2122	23.4363
2123	23.3727
2124	23.23
2125	23.1255
2126	23.1638
2127	23.225
2128	23.1937
2129	23.212
2130	23.196
2131	23.322
2132	23.3782
2133	23.3572
2134	23.361
2135	23.3278
2136	23.4456
2137	23.4186
2138	23.4697
2139	23.4039
2140	23.4354
2141	23.5142
2142	23.5816
2143	23.8782
2144	24.5697
2145	24.3424
2146	24.1559
2147	24.2901
2148	24.5054
2149	24.4898
2150	24.5703
2151	24.4316
2152	24.3013
2153	24.2699
2154	24.4389
2155	24.5803
2156	24.6019
2157	24.5474
2158	24.5769
2159	24.667
2160	24.7184
2161	24.8739
2162	25.2144
2163	25.4552
2164	25.2626
2165	25.5814
2166	25.5761
2167	25.7842
2168	25.7013
2169	25.3938
2170	25.5064
2171	25.5245
2172	25.4307
2173	25.4863
2174	25.269
2175	24.9864
2176	25.0703
2177	24.8982
2178	25.0221
2179	25.2464
2180	25.3718
2181	25.6023
2182	25.8213
2183	25.8993
2184	26.1784
2185	26.1791
2186	26.1629
2187	26.0695
2188	26.208
2189	26.1111
2190	26.0871
2191	26.1347
2192	26.3691
2193	26.2505
2194	26.0561
2195	26.4417
2196	26.9215
2197	26.9793
2198	27.0596
2199	27.3507
2200	27.3018
2201	27.0979
2202	26.543
2203	27.0981
2204	27.0793
2205	26.9146
2206	26.9114
2207	27.0041
2208	26.9639
2209	27.3399
2210	27.4704
2211	27.6704
2212	27.3386
2213	27.4374
2214	27.4301
2215	27.4413
2216	27.5715
2217	27.5665
2218	27.6613
2219	27.3913
2220	27.3563
2221	27.4216
2222	27.606
2223	27.9409
2224	28.0166
2225	27.9212
2226	27.9576
2227	28.0916
2228	28.0043
2229	28.0029
2230	27.8671
2231	27.931
2232	27.8077
2233	27.816
2234	27.6009
2235	27.5199
2236	27.6095
2237	27.7351
2238	28.2682
2239	28.3359
2240	28.6119
2241	28.6735
2242	29.0058
2243	29.23
2244	29.3804
2245	29.3916
2246	30.5331
2247	30.9981
2248	31.2226
2249	31.5616
2250	32.2135
2251	32.5747
2252	32.9085
2253	33.4154
2254	32.643
2255	32.7991
2256	32.8926
2257	32.9018
2258	32.9979
2259	33.2155
2260	34.6847
2261	35.4146
2262	36.1767
2263	36.129
2264	36.0135
2265	36.3095
2266	36.3798
2267	36.1258
2268	35.9285
2269	35.8323
2270	34.8003
2271	34.5578
2272	34.7797
2273	35.6345
2274	36.4267
2275	36.091
2276	36.076
2277	36.0254
2278	35.7442
2279	35.7223
2280	35.7205
2281	36.1644
2282	36.2054
2283	36.2284
2284	35.8899
2285	35.7374
2286	35.4534
2287	35.1164
2288	35.2944
2289	34.8316
2290	34.8388
2291	34.5318
2292	34.4203
2293	33.8222
2294	33.423
2295	33.3034
2296	33.2726
2297	33.7268
2298	33.4668
2299	33.4133
2300	34.0134
2301	33.9032
2302	33.9456
2303	33.7636
2304	33.4095
2305	33.1743
2306	33.384
2307	33.7781
2308	33.5334
2309	33.6309
2310	33.4863
2311	33.3887
2312	33.4507
2313	33.4184
2314	33.4677
2315	33.5371
2316	34.1043
2317	34.0597
2318	33.7848
2319	33.4187
2320	33.3904
2321	33.5533
2322	33.2491
2323	32.974
2324	32.9672
2325	32.8146
2326	32.8883
2327	32.7915
2328	32.5534
2329	32.2817
2330	31.9841
2331	32.1677
2332	32.0797
2333	32.2919
2334	31.9498
2335	31.8009
2336	31.4586
2337	31.1998
2338	31.0516
2339	31.1465
2340	31.1846
2341	31.3259
2342	30.9843
2343	30.7441
2344	30.7321
2345	30.5131
2346	30.8767
2347	30.6919
2348	31.0751
2349	31.2637
2350	30.9277
2351	30.9124
2352	31.1548
2353	31.3185
2354	31.1297
2355	31.0998
2356	31.1541
2357	31.2408
2358	31.5765
2359	31.1365
2360	31.2037
2361	31.1184
2362	31.2904
2363	31.0385
2364	31.1904
2365	31.1252
2366	31.2481
2367	31.4143
2368	31.4695
2369	31.7819
2370	31.8878
2371	32.0353
2372	33.0597
2373	32.5072
2374	32.047
2375	31.6943
2376	31.7837
2377	31.3733
2378	31.1791
2379	31.0785
2380	31.076
2381	31.1372
2382	30.7457
2383	30.6431
2384	31.4162
2385	31.7555
2386	31.1533
2387	31.2424
2388	31.0484
2389	31.1326
2390	31.1814
2391	31.5473
2392	31.6503
2393	31.7477
2394	32.6926
2395	32.1457
2396	31.7226
2397	32.2874
2398	31.9187
2399	31.9191
2400	31.6011
2401	31.9443
2402	31.5544
2403	31.5437
2404	31.4007
2405	31.6405
2406	31.5687
2407	31.8397
2408	31.7743
2409	31.973
2410	31.7679
2411	31.6062
2412	31.4298
2413	31.3754
2414	31.1452
2415	30.8851
2416	30.7246
2417	30.8617
2418	30.9895
2419	30.6067
2420	30.3881
2421	30.3744
2422	30.3711
2423	30.2385
2424	30.0004
2425	30.0678
2426	30.137
2427	30.1985
2428	30.0922
2429	30.0087
2430	30.0621
2431	30.124
2432	30.0785
2433	29.8322
2434	29.7819
2435	29.6396
2436	29.609
2437	29.5945
2438	29.5043
2439	29.4651
2440	29.3206
2441	29.3281
2442	29.3553
2443	29.1911
2444	29.1641
2445	29.0858
2446	29.0003
2447	28.9403
2448	29.0184
2449	29.1749
2450	29.3441
2451	29.0488
2452	29.1944
2453	29.2337
2454	29.133
2455	29.0156
2456	28.8497
2457	28.7391
2458	28.7007
2459	28.6701
2460	28.8345
2461	28.6705
2462	28.6768
2463	28.7163
2464	28.7459
2465	28.8554
2466	28.7986
2467	28.8481
2468	28.7909
2469	28.8751
2470	29.8179
2471	29.0687
2472	29.1771
2473	29.056
2474	29.2427
2475	29.1979
2476	29.5221
2477	30.1839
2478	30.7562
2479	30.6268
2480	30.2107
2481	30.0481
2482	30.0678
2483	30.1978
2484	30.4392
2485	30.7187
2486	30.5529
2487	30.4439
2488	30.5007
2489	29.9292
2490	29.4266
2491	29.5952
2492	29.8491
2493	30.2442
2494	30.1851
2495	29.4283
2496	29.3774
2497	29.6409
2498	29.4299
2499	29.5603
2500	29.5963
2501	29.5184
2502	29.6941
2503	29.7486
2504	29.7458
2505	30.0946
2506	30.3136
2507	30.2921
2508	30.3631
2509	30.4312
2510	30.3996
2511	30.183
2512	29.8779
2513	30.0054
2514	30.4666
2515	30.5158
2516	30.3735
2517	30.2462
2518	30.1245
2519	30.1595
2520	30.2207
2521	30.1176
2522	29.9761
2523	30.1138
2524	30.151
2525	30.0309
2526	30.0521
2527	30.0388
2528	29.9484
2529	29.93
2530	29.9779
2531	29.814
2532	29.8217
2533	29.8366
2534	29.7499
2535	29.7249
2536	29.5195
2537	29.3897
2538	29.3353
2539	29.4242
2540	29.1927
2541	29.2223
2542	29.2565
2543	29.3389
2544	29.4707
2545	29.5764
2546	29.6572
2547	29.5142
2548	29.6309
2549	29.3638
2550	29.4956
2551	29.4394
2552	29.2194
2553	29.2097
2554	29.2416
2555	29.294
2556	29.4003
2557	29.3232
2558	28.9428
2559	29.0294
2560	29.0444
2561	28.931
2562	29.0325
2563	29.1969
2564	29.1381
2565	29.0906
2566	29.1288
2567	29.2743
2568	29.0882
2569	29.0623
2570	29.3801
2571	29.2886
2572	29.1537
2573	29.2982
2574	29.6812
2575	30.2971
2576	30.7193
2577	30.3609
2578	30.2048
2579	29.8597
2580	30.0575
2581	30.6986
2582	30.3946
2583	30.6953
2584	30.7523
2585	31.0576
2586	30.8754
2587	31.4293
2588	31.3538
2589	30.8786
2590	30.4956
2591	30.74
2592	31.0702
2593	31.19
2594	30.8938
2595	31.0685
2596	31.7798
2597	31.62
2598	31.7302
2599	31.5742
2600	31.4471
2601	31.4595
2602	31.1566
2603	31.1854
2604	30.884
2605	30.7267
2606	30.896
2607	30.9694
2608	31.0149
2609	31.0761
2610	30.9833
2611	31.1954
2612	31.2554
2613	31.3703
2614	31.1942
2615	31.1124
2616	31.1124
2617	31.0922
2618	30.9479
2619	30.7953
2620	30.8823
2621	30.8543
2622	30.539
2623	30.5619
2624	30.4615
2625	30.5739
2626	30.4058
2627	30.4059
2628	30.5205
2629	30.3839
2630	30.3006
2631	30.2391
2632	30.2066
2633	30.2173
2634	30.1869
2635	30.1861
2636	29.9681
2637	29.7958
2638	29.8633
2639	29.8312
2640	29.8186
2641	30.0239
2642	30.205
2643	30.4493
2644	30.4199
2645	30.5199
2646	30.4514
2647	30.4257
2648	30.4636
2649	30.5099
2650	30.6041
2651	30.7559
2652	30.8958
2653	30.8227
2654	30.6969
2655	30.664
2656	30.8669
2657	30.8001
2658	30.6858
2659	30.6922
2660	30.5771
2661	30.7319
2662	30.8873
2663	30.8801
2664	30.8937
2665	30.6831
2666	30.7049
2667	30.7407
2668	31.0223
2669	31.0826
2670	30.9809
2671	31.0814
2672	30.9826
2673	31.0031
2674	30.948
2675	30.6119
2676	30.6013
2677	30.403
2678	30.5126
2679	30.5094
2680	30.496
2681	30.436
2682	29.8929
2683	29.6334
2684	29.9086
2685	29.8317
2686	30.0763
2687	30.1269
2688	29.9315
2689	30.1243
2690	30.5237
2691	30.4151
2692	30.7968
2693	30.7348
2694	30.4977
2695	30.2258
2696	30.4
2697	30.5682
2698	30.6786
2699	30.7821
2700	30.7738
2701	30.7941
2702	30.7709
2703	30.8029
2704	30.8612
2705	30.6925
2706	30.5107
2707	30.7722
2708	30.8414
2709	30.8632
2710	31.056
2711	31.3487
2712	31.1999
2713	30.949
2714	30.995
2715	31.2642
2716	31.2929
2717	31.2842
2718	31.3539
2719	31.3061
2720	31.3335
2721	31.4555
2722	31.3518
2723	31.2641
2724	31.2867
2725	31.2238
2726	31.243
2727	30.9831
2728	30.8604
2729	30.9006
2730	30.7447
2731	30.7199
2732	30.7528
2733	30.6682
2734	30.7746
2735	30.7188
2736	30.7187
2737	30.5922
2738	30.5778
2739	30.4495
2740	30.272
2741	30.3592
2742	30.4769
2743	30.3505
2744	30.6252
2745	30.3988
2746	30.0926
2747	29.954
2748	30.0534
2749	29.8881
2750	29.8252
2751	29.9147
2752	30.0109
2753	29.8516
2754	29.7948
2755	29.7768
2756	29.6738
2757	29.6684
2758	29.8018
2759	29.6548
2760	29.4219
2761	29.3489
2762	29.4136
2763	29.3689
2764	29.255
2765	29.301
2766	29.3535
2767	29.32
2768	29.2583
2769	29.285
2770	29.2735
2771	29.2447
2772	29.2585
2773	29.1549
2774	29.2859
2775	29.1611
2776	28.9405
2777	28.9028
2778	28.7569
2779	28.6277
2780	28.3228
2781	28.188
2782	28.1717
2783	28.2945
2784	28.4356
2785	28.6317
2786	28.664
2787	28.7263
2788	28.6582
2789	28.7422
2790	28.4763
2791	28.3675
2792	28.1561
2793	28.27
2794	28.4015
2795	28.2237
2796	28.411
2797	28.3436
2798	28.429
2799	28.5162
2800	28.3684
2801	28.2277
2802	28.3113
2803	28.2164
2804	28.2286
2805	28.1211
2806	27.9758
2807	28.1456
2808	28.1145
2809	28.1886
2810	28.2212
2811	28.1636
2812	28.4213
2813	28.1457
2814	27.9398
2815	27.9396
2816	27.9924
2817	27.8964
2818	27.7144
2819	27.4977
2820	27.5022
2821	27.3348
2822	27.3675
2823	27.2625
2824	27.6635
2825	27.8645
2826	27.6288
2827	27.9472
2828	27.8497
2829	28.122
2830	28.1177
2831	28.0466
2832	27.9608
2833	27.9145
2834	28.3418
2835	28.437
2836	28.4794
2837	28.228
2838	28.1166
2839	28.0685
2840	27.9805
2841	27.9682
2842	28.0419
2843	27.8751
2844	27.7752
2845	27.7814
2846	27.6847
2847	27.7033
2848	27.7907
2849	27.8984
2850	27.8957
2851	28.19
2852	28.1778
2853	28.1783
2854	28.0118
2855	27.896
2856	28.0568
2857	28.1655
2858	28.3478
2859	28.2352
2860	28.0758
2861	27.8726
2862	27.8536
2863	27.8037
2864	27.8622
2865	27.8907
2866	27.9853
2867	27.888
2868	28.0839
2869	28.3842
2870	28.2557
2871	28.061
2872	28.1277
2873	28.1775
2874	28.1505
2875	28.0466
2876	27.908
2877	27.7169
2878	27.7413
2879	27.546
2880	27.4439
2881	27.5907
2882	27.6796
2883	27.5204
2884	27.8154
2885	27.8996
2886	27.8432
2887	28.3382
2888	28.521
2889	29.4166
2890	29.3065
2891	29.417
2892	29.4452
2893	28.8576
2894	28.7032
2895	28.7207
2896	28.9115
2897	29.2709
2898	29.2555
2899	28.9547
2900	28.9037
2901	28.8825
2902	28.8717
2903	28.7108
2904	28.8569
2905	28.9278
2906	28.8911
2907	29.0604
2908	29.3436
2909	29.6107
2910	29.4905
2911	29.5015
2912	29.6904
2913	30.3034
2914	30.1872
2915	30.3643
2916	30.5042
2917	30.5328
2918	30.868
2919	31.496
2920	31.4122
2921	31.9106
2922	32.1083
2923	32.4619
2924	32.2201
2925	31.818
2926	31.8751
2927	32.11
2928	32.589
2929	32.6799
2930	32.6374
2931	32.5085
2932	32.2005
2933	32.0096
2934	31.427
2935	31.4151
2936	31.2014
2937	30.9905
2938	30.737
2939	30.9694
2940	30.9257
2941	31.3788
2942	31.3361
2943	30.8255
2944	30.4971
2945	30.5732
2946	30.2421
2947	29.8977
2948	30.1245
2949	30.6448
2950	30.683
2951	30.8438
2952	30.5694
2953	30.5014
2954	30.1033
2955	30.8454
2956	30.5282
2957	30.2921
2958	30.66
2959	30.8417
2960	30.7337
2961	30.919
2962	30.9693
2963	31.0612
2964	31.2133
2965	31.4365
2966	31.5788
2967	31.4117
2968	31.3216
2969	31.4001
2970	30.8486
2971	30.8099
2972	30.9068
2973	31.1026
2974	31.1527
2975	31.2308
2976	31.5691
2977	31.4134
2978	31.6704
2979	31.7655
2980	31.8957
2981	31.7701
2982	32.0323
2983	32.0519
2984	31.7645
2985	31.5634
2986	31.2575
2987	31.2266
2988	31.0847
2989	31.5633
2990	32.0197
2991	32.1961
2992	31.8729
2993	31.6886
2994	31.6807
2995	31.583
2996	31.9344
2997	31.5445
2998	31.5428
2999	31.4777
3000	31.2879
3001	31.3325
3002	30.8752
3003	30.667
3004	30.36
3005	30.3626
3006	30.3647
3007	30.3131
3008	30.4067
3009	30.1855
3010	30.2385
3011	30.2324
3012	30.0871
3013	29.693
3014	29.6795
3015	29.8923
3016	29.8873
3017	30.0868
3018	29.944
3019	30.2098
3020	29.9982
3021	29.7805
3022	29.7796
3023	29.7692
3024	29.449
3025	29.1264
3026	28.9503
3027	29.0253
3028	29.2889
3029	29.296
3030	29.2892
3031	29.4508
3032	29.6621
3033	29.5406
3034	29.6666
3035	29.5091
3036	29.5125
3037	29.5822
3038	29.3578
3039	29.2224
3040	29.1652
3041	29.2079
3042	29.2447
3043	29.4038
3044	29.2311
3045	28.9468
3046	29.0845
3047	29.2853
3048	29.3282
3049	29.3479
3050	29.2944
3051	29.4285
3052	29.4303
3053	29.4606
3054	29.6358
3055	29.6359
3056	29.8033
3057	29.569
3058	29.4711
3059	29.7614
3060	29.6368
3061	29.4978
3062	29.5122
3063	29.5214
3064	29.488
3065	29.4549
3066	29.2962
3067	29.277
3068	29.4234
3069	29.3627
3070	29.3708
3071	29.463
3072	29.5937
3073	29.8075
3074	30.1891
3075	30.2306
3076	30.1793
3077	30.2652
3078	30.3299
3079	30.9758
3080	30.9417
3081	31.3921
3082	31.1582
3083	31.0644
3084	31.3803
3085	31.6247
3086	31.7572
3087	31.827
3088	32.086
3089	32.4509
3090	32.9173
3091	33.7384
3092	34.0395
3093	33.2001
3094	32.7889
3095	32.1922
3096	32.7358
3097	32.5862
3098	32.7331
3099	32.5766
3100	32.3945
3101	32.1315
3102	32.5315
3103	32.5166
3104	32.9054
3105	33.5191
3106	33.1693
3107	33.1732
3108	32.8384
3109	32.9412
3110	32.8169
3111	32.5287
3112	32.4789
3113	32.2065
3114	32.4727
3115	32.624
3116	32.9907
3117	32.9754
3118	32.8282
3119	32.7177
3120	32.659
3121	32.6208
3122	32.4955
3123	32.4041
3124	32.0764
3125	31.9509
3126	32.376
3127	32.6324
3128	32.9657
3129	32.6224
3130	32.2131
3131	32.1881
3132	32.2058
3133	32.3322
3134	32.4563
3135	32.5361
3136	31.9451
3137	31.6644
3138	31.6907
3139	31.4807
3140	31.8974
3141	31.8707
3142	31.7739
3143	31.8532
3144	31.9011
3145	31.8469
3146	32.0165
3147	31.9606
3148	31.8056
3149	31.683
3150	31.8099
3151	31.8703
3152	32.0183
3153	32.0942
3154	32.2934
3155	32.5669
3156	32.4171
3157	32.1995
3158	32.4608
3159	32.1998
3160	32.0142
3161	31.7221
3162	31.7768
3163	31.478
3164	31.3992
3165	30.8181
3166	30.5867
3167	30.8795
3168	30.8634
3169	31.5758
3170	31.1667
3171	31.2513
3172	31.1608
3173	31.2221
3174	31.1951
3175	30.9169
3176	31.2538
3177	31.135
3178	31.1944
3179	31.121
3180	30.9744
3181	31.0777
3182	31.0994
3183	31.2017
3184	31.1667
3185	30.9738
3186	31.0791
3187	30.9493
3188	30.7964
3189	30.7195
3190	30.7823
3191	30.9084
3192	31.1171
3193	31.3039
3194	31.2499
3195	31.478
3196	31.4373
3197	31.5252
3198	31.3743
3199	31.3666
3200	31.3817
3201	31.5195
3202	31.3033
3203	31.5146
3204	31.4962
3205	31.6053
3206	31.7164
3207	31.7267
3208	31.6919
3209	31.7184
3210	31.6677
3211	31.4263
3212	31.4218
3213	31.1525
3214	31.1325
3215	31.0201
3216	30.941
3217	31.1408
3218	31.0565
3219	30.811
3220	30.8365
3221	30.994
3222	30.8235
3223	30.9107
3224	30.967
3225	30.8686
3226	30.7506
3227	30.7321
3228	30.6034
3229	30.6892
3230	30.7696
3231	30.9859
3232	30.7606
3233	30.7592
3234	30.7194
3235	30.8046
3236	30.5926
3237	30.615
3238	30.4808
3239	30.3727
3240	30.3727
3241	30.4215
3242	30.365
3243	30.2537
3244	30.2607
3245	30.2556
3246	30.3399
3247	30.3431
3248	30.2065
3249	30.297
3250	30.195
3251	30.2292
3252	30.1648
3253	30.0451
3254	30.0782
3255	30.1513
3256	30.0277
3257	30.0161
3258	29.9966
3259	29.9251
3260	30.1231
3261	29.9598
3262	30.0496
3263	30.1575
3264	30.159
3265	30.1713
3266	30.0692
3267	30.0773
3268	30.1139
3269	30.1258
3270	30.1277
3271	30.0502
3272	30.2337
3273	30.3596
3274	30.3368
3275	30.5889
3276	30.6202
3277	30.5124
3278	30.6381
3279	30.787
3280	30.6963
3281	30.6214
3282	30.7628
3283	30.7576
3284	30.7499
3285	30.7209
3286	30.7769
3287	30.7196
3288	30.8908
3289	30.8285
3290	30.9446
3291	30.8923
3292	30.9325
3293	30.7585
3294	30.8734
3295	30.863
3296	30.9962
3297	31.0834
3298	31.1093
3299	31.1178
3300	31.3918
3301	31.7203
3302	31.6207
3303	31.6144
3304	31.2086
3305	31.0036
3306	30.8814
3307	30.9308
3308	31.3051
3309	31.4512
3310	31.232
3311	31.7151
3312	31.4605
3313	31.5664
3314	31.6414
3315	31.5917
3316	31.3169
3317	31.2196
3318	31.2559
3319	31.0433
3320	31.0839
3321	31.0789
3322	31.0829
3323	31.3777
3324	31.2778
3325	31.4281
3326	31.4166
3327	31.3931
3328	31.3406
3329	31.177
3330	31.228
3331	31.4711
3332	31.3164
3333	31.3025
3334	31.3784
3335	31.5203
3336	31.5893
3337	31.7979
3338	32.0487
3339	31.8344
3340	31.9816
3341	32.1385
3342	32.2397
3343	32.3246
3344	32.3951
3345	32.3467
3346	31.8029
3347	31.679
3348	31.8824
3349	32.1201
3350	32.7041
3351	32.7433
3352	32.9097
3353	32.714
3354	32.8876
3355	32.8766
3356	32.709
3357	32.8517
3358	32.9475
3359	33.2204
3360	33.1605
3361	33.2247
3362	33.321
3363	33.0842
3364	32.9112
3365	32.5867
3366	32.6429
3367	32.622
3368	32.5417
3369	32.4526
3370	32.3998
3371	32.4288
3372	32.3236
3373	32.3106
3374	32.3462
3375	32.5376
3376	32.6371
3377	32.8556
3378	32.8901
3379	33.033
3380	32.9741
3381	33.0978
3382	32.8811
3383	32.939
3384	32.9848
3385	32.9401
3386	32.8606
3387	32.891
3388	33.0426
3389	33.1583
3390	33.0004
3391	32.9421
3392	32.9226
3393	33.0006
3394	32.9737
3395	33.1908
3396	33.0552
3397	32.9564
3398	33.1224
3399	33.1798
3400	33.1783
3401	33.2474
3402	33.2522
3403	33.3693
3404	33.4656
3405	33.3901
3406	33.4338
3407	33.3243
3408	33.06
3409	32.9629
3410	32.6731
3411	32.7406
3412	32.2907
3413	32.3237
3414	32.245
3415	31.5892
3416	31.7326
3417	31.9106
3418	31.8167
3419	31.9343
3420	32.1736
3421	32.3451
3422	32.4839
3423	32.2965
3424	32.2979
3425	32.125
3426	32.1005
3427	32.2931
3428	32.2984
3429	32.3619
3430	32.3564
3431	32.2133
3432	32.2663
3433	32.2676
3434	32.2561
3435	32.0816
3436	31.846
3437	31.9013
3438	31.9346
3439	31.7448
3440	31.6618
3441	31.6775
3442	31.8119
3443	31.9445
3444	32.0613
3445	32.0758
3446	32.1808
3447	32.3509
3448	32.4511
3449	32.3803
3450	32.5479
3451	32.6622
3452	32.8076
3453	32.8184
3454	32.6874
3455	32.6807
3456	32.5658
3457	32.6098
3458	32.7417
3459	33.018
3460	32.9055
3461	32.7733
3462	32.9879
3463	33.0041
3464	33.1332
3465	33.1916
3466	33.1482
3467	33.246
3468	33.2632
3469	33.114
3470	32.9514
3471	32.7782
3472	32.7848
3473	32.7315
3474	32.7518
3475	32.8663
3476	32.8658
3477	32.8646
3478	32.9404
3479	32.9527
3480	32.9798
3481	32.9506
3482	32.6284
3483	32.6487
3484	32.671
3485	32.6282
3486	32.7292
3487	32.6587
3488	33.1547
3489	33.2062
3490	33.1204
3491	33.2386
3492	33.3562
3493	33.4013
3494	33.4343
3495	33.6429
3496	33.8161
3497	33.8688
3498	34.0334
3499	34.26
3500	34.7093
3501	34.625
3502	34.5633
3503	35.2448
3504	35.18
3505	35.2347
3506	35.4502
3507	34.9592
3508	34.7287
3509	34.6044
3510	34.7636
3511	34.7964
3512	34.7595
3513	34.8611
3514	35.2559
3515	35.0976
3516	35.2386
3517	35.5857
3518	35.767
3519	35.6828
3520	35.5112
3521	35.5669
3522	35.7872
3523	36.0501
3524	36.1847
3525	36.3784
3526	36.3208
3527	36.0849
3528	36.1251
3529	36.2618
3530	36.4015
3531	36.4865
3532	36.4566
3533	36.6391
3534	36.6505
3535	36.4487
3536	36.207
3537	36.1081
3538	36.4022
3539	36.1663
3540	35.9316
3541	35.4494
3542	35.581
3543	35.6871
3544	35.6053
3545	35.024
3546	35.2517
3547	35.5154
3548	35.501
3549	35.4679
3550	35.5475
3551	35.7493
3552	35.5581
3553	35.6239
3554	35.989
3555	35.9635
3556	36.0813
3557	35.9287
3558	35.5389
3559	35.6688
3560	35.6785
3561	35.6625
3562	35.683
3563	35.9289
3564	36.0245
3565	35.6983
3566	35.7227
3567	35.8381
3568	35.655
3569	35.4971
3570	35.0343
3571	35.2091
3572	34.8789
3573	34.709
3574	34.7005
3575	34.7794
3576	34.7394
3577	34.6007
3578	34.5078
3579	34.2802
3580	34.3139
3581	34.0771
3582	34.2571
3583	34.4895
3584	34.6481
3585	34.7352
3586	34.8887
3587	35.0115
3588	35.1398
3589	34.9043
3590	34.6573
3591	34.3303
3592	34.3681
3593	34.3227
3594	34.5654
3595	34.8095
3596	34.8232
3597	34.3025
3598	34.419
3599	34.2797
3600	33.9812
3601	33.907
3602	33.7508
3603	33.6306
3604	33.8434
3605	34.2275
3606	34.2496
3607	34.1949
3608	34.3236
3609	34.5691
3610	34.4258
3611	34.0758
3612	33.8353
3613	34.0582
3614	34.3135
3615	34.3723
3616	34.3853
3617	34.7998
3618	35.1627
3619	35.09
3620	35.0387
3621	34.8101
3622	35.0786
3623	35.0535
3624	35.3457
3625	35.6339
3626	35.7271
3627	35.4438
3628	35.7272
3629	35.6605
3630	35.7987
3631	36.1102
3632	36.2496
3633	36.4461
3634	36.0475
3635	36.089
3636	36.2222
3637	36.0395
3638	36.0014
3639	36.0294
3640	36.1094
3641	36.224
3642	36.3317
3643	36.0027
3644	36.1201
3645	36.1358
3646	36.1397
3647	36.3053
3648	36.9316
3649	37.2945
3650	37.348
3651	37.3183
3652	36.8038
3653	36.9219
3654	37.0866
3655	37.0261
3656	37.1693
3657	37.3758
3658	37.6545
3659	37.9861
3660	38.7058
3661	38.3724
3662	38.4209
3663	38.4134
3664	38.5782
3665	38.6672
3666	38.383
3667	38.3007
3668	38.7243
3669	39.3866
3670	39.3836
3671	39.6604
3672	39.5474
3673	39.698
3674	39.982
3675	39.7417
3676	39.9819
3677	39.98
3678	40.2125
3679	40.3251
3680	40.5304
3681	40.9416
3682	40.7457
3683	41.045
3684	40.8815
3685	41.0501
3686	40.9671
3687	41.4958
3688	41.8101
3689	41.9497
3690	42.3934
3691	42.6525
3692	43.3943
3693	41.9627
3694	44.3993
3695	45.1854
3696	47.8774
3697	45.8926
3698	45.952
3699	46.3379
3700	46.1233
3701	47.392
3702	47.3329
3703	46.9797
3704	47.0294
3705	46.7047
3706	45.7926
3707	44.7852
3708	44.9758
3709	46.4244
3710	47.6629
3711	49.322
3712	51.8068
3713	50.7678
3714	54.3821
3715	52.6932
3716	53.1088
3717	53.3079
3718	54.2116
3719	54.2758
3720	54.7932
3721	56.8919
3722	58.3461
3723	61.1512
3724	67.7851
3725	59.6029
3726	60.6825
3727	56.494
3728	54.5687
3729	54.4913
3730	52.6159
3731	52.0343
3732	56.6801
3733	56.2584
3734	56.2376
3735	62.7363
3736	64.8425
3737	66.0983
3738	64.8337
3739	65.1738
3740	64.9732
3741	64.9862
3742	65.5558
3743	65.4
3744	63.393
3745	65.5937
3746	67.8153
3747	67.1506
3748	68.7303
3749	68.9291
3750	69.664
3751	67.7727
3752	65.447
3753	68.6113
3754	66.0432
3755	65.7817
3756	65.4469
3757	66.0585
3758	66.0994
3759	65.0862
3760	62.6632
3761	62.8353
3762	62.4001
3763	62.1307
3764	61.7235
3765	63.5083
3766	62.5906
3767	60.7109
3768	61.2718
3769	62.2248
3770	62.3649
3771	61.8745
3772	61.8457
3773	59.9938
3774	60.6649
3775	62.6797
3776	60.9595
3777	61.3167
3778	62.1497
3779	61.751
3780	61.3483
3781	59.8308
3782	60.0341
3783	59.4452
3784	58.771
3785	57.3879
3786	56.4271
3787	57.7279
3788	58.4643
3789	57.65
3790	58.3536
3791	56.9902
3792	56.7534
3793	56.5161
3794	55.3328
3795	54.027
3796	52.5424
3797	51.0678
3798	52.422
3799	51.9749
3800	50.5033
3801	49.6749
3802	50.5295
3803	51.5207
3804	53.9728
3805	53.6555
3806	51.6011
3807	50.2473
3808	51.469
3809	52.3041
3810	51.7029
3811	51.1388
3812	51.7574
3813	49.9816
3814	50.3615
3815	50.7511
3816	50.914
3817	49.5366
3818	50.0774
3819	50.0115
3820	49.2175
3821	49.1777
3822	49.7919
3823	49.9204
3824	49.7901
3825	49.8613
3826	50.3223
3827	51.0178
3828	52.2907
3829	52.9716
3830	52.8213
3831	53.4413
3832	53.059
3833	54.9908
3834	56.2463
3835	56.0435
3836	55.91
3837	54.8219
3838	54.5285
3839	55.2679
3840	54.0409
3841	53.8999
3842	53.3301
3843	53.8006
3844	53.5569
3845	54.2081
3846	54.0746
3847	54.6026
3848	54.8126
3849	55.524
3850	55.8413
3851	55.4756
3852	55.6555
3853	55.6049
3854	56.4112
3855	57.2192
3856	57.2174
3857	56.9803
3858	56.6685
3859	56.6079
3860	56.9774
3861	56.6642
3862	56.9504
3863	56.8423
3864	56.8336
3865	57.0025
3866	57.0232
3867	57.3578
3868	58.0374
3869	58.7816
3870	60.2231
3871	59.7665
3872	58.9906
3873	60.3458
3874	62.4677
3875	62.9182
3876	62.7184
3877	63.8644
3878	63.8399
3879	64.4977
3880	63.2098
3881	65.0169
3882	63.9988
3883	64.9363
3884	65.5034
3885	65.8289
3886	65.7222
3887	66.9608
3888	68.1216
3889	70.7465
3890	69.9461
3891	69.3142
3892	67.4473
3893	66.4779
3894	66.7152
3895	65.3495
3896	66.6756
3897	67.0102
3898	67.685
3899	68.4864
3900	68.7932
3901	67.6219
3902	68.4961
3903	68.0093
3904	67.9571
3905	67.1574
3906	65.9273
3907	65.3623
3908	65.6445
3909	66.1455
3910	66.1747
3911	66.041
3912	66.5151
3913	65.6727
3914	65.547
3915	66.2367
3916	65.7364
3917	65.0336
3918	65.9414
3919	65.6248
3920	65.0962
3921	62.7061
3922	62.2942
3923	61.2967
3924	61.1535
3925	62.2237
3926	63.1248
3927	62.2433
3928	61.3587
3929	61.4419
3930	62.162
3931	62.6309
3932	62.7888
3933	61.9286
3934	62.5038
3935	63.5004
3936	65.3159
3937	64.1686
3938	64.3742
3939	63.7993
3940	63.8525
3941	63.3991
3942	63.6832
3943	64.6606
3944	64.3908
3945	64.5693
3946	65.4541
3947	66.6343
3948	66.4607
3949	65.4799
3950	64.7785
3951	64.912
3952	64.8673
3953	65.5973
3954	65.621
3955	65.4789
3956	65.6836
3957	66.2393
3958	66.737
3959	66.2584
3960	66.7402
3961	67.7691
3962	67.6698
3963	68.5156
3964	69.3026
3965	69.2
3966	69.2151
3967	69.1755
3968	70.2244
3969	70.8295
3970	70.4012
3971	70.5806
3972	71.3215
3973	71.2553
3974	71.1211
3975	70.9333
3976	69.5165
3977	70.269
3978	70.7865
3979	72.5066
3980	72.8827
3981	72.9299
3982	75.9507
3983	76.6041
3984	76.4275
3985	76.523
3986	76.565
3987	78.6678
3988	78.4862
3989	79.4614
3990	83.5913
3991	80.5714
3992	77.7965
3993	81.8394
3994	78.9969
3995	77.3674
3996	75.1723
3997	76.3264
3998	77.9273
3999	79.2593
4000	76.4609
4001	77.3409
4002	76.8614
4003	78.6805
4004	79.0689
4005	79.1144
4006	79.4951
4007	77.7792
4008	76.245
4009	77.8503
4010	75.4575
4011	76.3657
4012	77.1326
4013	76.3928
4014	76.3929
4015	75.0903
4016	75.8994
4017	74.0536
4018	73.6256
4019	73.8242
4020	73.1854
4021	72.3775
4022	71.0928
4023	70.3067
4024	70.1542
4025	70.5408
4026	71.0256
4027	68.5598
4028	68.4026
4029	68.8086
4030	67.7764
4031	67.6409
4032	68.9328
4033	68.4346
4034	67.7807
4035	68.7549
4036	67.6076
4037	67.8552
4038	67.141
4039	68.6753
4040	68.8901
4041	68.5215
4042	67.796
4043	67.4662
4044	67.125
4045	66.3456
4046	65.7662
4047	66.4954
4048	66.0452
4049	68.2724
4050	65.6474
4051	66.0364
4052	65.0254
4053	66.2198
4054	66.6295
4055	66.4559
4056	65.1618
4057	65.1133
4058	64.3334
4059	66.1718
4060	65.8918
4061	66.1928
4062	66.3277
4063	66.2428
4064	64.9607
4065	64.9306
4066	64.8895
4067	64.5138
4068	65.0641
4069	66.211
4070	66.3775
4071	67.0475
4072	67.0493
4073	65.8949
4074	65.2062
4075	66.0413
4076	66.0825
4077	65.9962
4078	66.6156
4079	66.7491
4080	66.8529
4081	65.7894
4082	65.2089
4083	64.6797
4084	63.7402
4085	64.7077
4086	66.0306
4087	65.9156
4088	65.8618
4089	65.4398
4090	64.1509
4091	64.1743
4092	63.7162
4093	64.3212
4094	65.5287
4095	65.0588
4096	64.8095
4097	64.2575
4098	64.1755
4099	64.0165
4100	63.6844
4101	64.2676
4102	64.6304
4103	64.05
4104	64.2488
4105	64.2024
4106	63.9029
4107	63.8531
4108	63.5773
4109	63.1697
4110	63.1154
4111	62.9891
4112	63.4183
4113	63.7373
4114	64.627
4115	64.9184
4116	65.7408
4117	65.9467
4118	66.1125
4119	67.0512
4120	65.9553
4121	66.8816
4122	66.742
4123	66.3941
4124	65.5627
4125	65.0799
4126	64.7848
4127	64.8137
4128	64.9497
4129	64.3364
4130	64.2076
4131	63.9514
4132	63.9943
4133	63.5487
4134	63.9391
4135	64.2078
4136	64.7684
4137	64.814
4138	64.9459
4139	64.738
4140	65.081
4141	64.9072
4142	65.2535
4143	65.2566
4144	65.8684
4145	64.7644
4146	64.8306
4147	64.3804
4148	63.973
4149	64.1617
4150	65.0539
4151	64.8102
4152	64.9737
4153	65.217
4154	64.994
4155	64.9173
4156	64.7513
4157	64.4424
4158	63.7942
4159	63.8642
4160	64.1506
4161	63.6921
4162	63.9509
4163	63.1581
4164	63.396
4165	62.5477
4166	62.4323
4167	62.4583
4168	62.39
4169	62.3031
4170	62.3884
4171	62.1946
4172	62.5892
4173	63.3465
4174	62.9934
4175	63.151
4176	62.89
4177	62.5841
4178	62.4194
4179	62.4499
4180	62.2349
4181	62.048
4182	62.2597
4183	63.0399
4184	62.9037
4185	63.2174
4186	63.2025
4187	63.4166
4188	63.5043
4189	63.9074
4190	63.7364
4191	63.8928
4192	63.4161
4193	65.2167
4194	65.8591
4195	65.5548
4196	64.5463
4197	64.9154
4198	65.1023
4199	64.358
4200	63.6282
4201	64.0087
4202	64.6279
4203	64.6174
4204	64.9153
4205	64.9449
4206	65.2382
4207	63.6807
4208	64.1528
4209	63.9242
4210	63.8741
4211	63.9114
4212	63.3901
4213	63.3028
4214	61.5804
4215	61.069
4216	60.8079
4217	61.6368
4218	61.7515
4219	61.7931
4220	61.7967
4221	61.1092
4222	60.8641
4223	60.8528
4224	60.9084
4225	60.8587
4226	60.6669
4227	60.273
4228	60.6569
4229	59.8961
4230	59.9533
4231	60.1614
4232	59.4978
4233	59.37
4234	59.6067
4235	59.4015
4236	59.183
4237	59.3521
4238	59.6697
4239	59.5034
4240	59.2168
4241	59.1489
4242	59.6356
4243	60.3196
4244	60.1618
4245	60.0851
4246	60.3099
4247	59.9858
4248	59.3137
4249	58.7121
4250	59.1933
4251	59.5129
4252	59.0235
4253	58.8457
4254	58.0619
4255	57.7388
4256	56.7719
4257	57.1507
4258	57.6342
4259	58.0967
4260	57.859
4261	57.4762
4262	57.9371
4263	57.9627
4264	58.3776
4265	58.4067
4266	58.9099
4267	58.337
4268	58.263
4269	58.8318
4270	59.2174
4271	59.1327
4272	58.954
4273	59.1128
4274	58.2437
4275	57.9344
4276	57.2847
4277	57.2323
4278	57.636
4279	57.5228
4280	57.4247
4281	57.0233
4282	56.9364
4283	57.0241
4284	56.3779
4285	55.9606
4286	56.1396
4287	56.5553
4288	55.894
4289	56.4369
4290	56.9201
4291	57.3896
4292	56.9552
4293	56.7556
4294	56.6019
4295	56.2945
4296	56.2505
4297	55.9793
4298	56.1753
4299	56.4165
4300	56.2307
4301	56.0794
4302	55.8453
4303	56.3131
4304	56.9707
4305	56.9838
4306	56.9518
4307	57.0927
4308	57.5714
4309	58.5382
4310	58.0824
4311	57.1161
4312	57.164
4313	56.5258
4314	56.2603
4315	56.7383
4316	57.4683
4317	57.1602
4318	56.4988
4319	56.5552
4320	56.2743
4321	56.0701
4322	56.756
4323	56.7106
4324	56.5168
4325	56.6876
4326	56.5373
4327	56.6876
4328	56.6152
4329	56.6747
4330	56.5878
4331	56.9857
4332	57.002
4333	56.9096
4334	57.0303
4335	57.4437
4336	57.7408
4337	57.9585
4338	58.5786
4339	60.0
4340	60.1482
4341	59.6564
4342	59.0014
4343	58.8843
4344	59.5415
4345	59.0855
4346	59.3862
4347	58.9695
4348	59.2295
4349	59.5787
4350	60.2426
4351	60.3792
4352	60.3014
4353	60.7397
4354	60.6227
4355	60.1836
4356	59.8806
4357	59.0657
4358	59.3705
4359	59.2418
4360	59.0823
4361	58.9325
4362	59.6572
4363	59.8185
4364	59.9102
4365	59.4102
4366	59.5436
4367	60.0633
4368	59.8454
4369	60.5819
4370	60.7503
4371	60.3281
4372	60.0605
4373	59.9886
4374	59.9611
4375	59.9298
4376	60.1873
4377	59.799
4378	59.9266
4379	59.6521
4380	59.249
4381	59.3612
4382	59.1409
4383	59.0396
4384	59.1312
4385	59.1397
4386	59.1476
4387	58.5469
4388	58.532
4389	58.7306
4390	58.5454
4391	58.0557
4392	57.7817
4393	57.8503
4394	57.3387
4395	57.1411
4396	56.9966
4397	57.1694
4398	57.2656
4399	57.6679
4400	57.7706
4401	57.5336
4402	57.6242
4403	58.0993
4404	58.129
4405	58.2242
4406	57.6527
4407	57.566
4408	57.5186
4409	58.0102
4410	58.4255
4411	58.0169
4412	57.8134
4413	57.9375
4414	57.7832
4415	57.5811
4416	57.7612
4417	58.3151
4418	58.0713
4419	57.921
4420	57.6869
4421	57.6196
4422	57.0861
4423	57.3392
4424	57.2721
4425	57.5706
4426	57.5118
4427	57.4706
4428	57.5852
4429	57.614
4430	57.7643
4431	58.0833
4432	57.8716
4433	58.1179
4434	58.1557
4435	58.0869
4436	58.4296
4437	58.4557
4438	59.248
4439	59.2527
4440	59.2808
4441	59.1823
4442	59.6207
4443	60.249
4444	59.9898
4445	59.6325
4446	59.2746
4447	59.4604
4448	59.0061
4449	58.4622
4450	58.5318
4451	58.2773
4452	58.4125
4453	58.3311
4454	58.5814
4455	58.5182
4456	58.9911
4457	58.6924
4458	58.9281
4459	59.2948
4460	59.2811
4461	59.2348
4462	58.837
4463	59.1446
4464	58.7082
4465	58.8987
4466	58.694
4467	58.6117
4468	58.717
4469	58.5596
4470	58.3152
4471	58.1989
4472	57.7343
4473	57.4544
4474	57.6291
4475	57.6002
4476	57.0463
4477	56.8734
4478	56.9957
4479	56.6019
4480	56.3569
4481	56.3878
4482	56.5925
4483	56.7597
4484	56.5892
4485	56.6261
4486	56.4115
4487	56.3888
4488	55.9288
4489	55.8288
4490	56.2908
4491	56.2914
4492	56.184
4493	56.2613
4494	56.0408
4495	56.6278
4496	57.2196
4497	56.9533
4498	57.6736
4499	58.1718
4500	58.0171
4501	57.7701
4502	57.5899
4503	56.5918
4504	56.3554
4505	56.3438
4506	56.5201
4507	56.6537
4508	56.7608
4509	55.9208
4510	55.6717
4511	56.3742
4512	56.4334
4513	56.6616
4514	56.5041
4515	56.8011
4516	56.6122
4517	56.9359
4518	56.9372
4519	57.0188
4520	57.4942
4521	57.5521
4522	57.7033
4523	57.4954
4524	56.8391
4525	57.1072
4526	57.0039
4527	57.1747
4528	57.5598
4529	57.7626
4530	57.2649
4531	57.285
4532	57.5375
4533	57.7646
4534	57.5796
4535	57.8332
4536	58.5714
4537	62.3699
4538	64.0626
4539	62.0659
4540	61.4311
4541	62.2794
4542	61.1454
4543	61.5539
4544	60.8583
4545	61.3222
4546	61.7655
4547	61.6644
4548	61.7494
4549	62.6027
4550	62.726
4551	61.9997
4552	63.486
4553	63.2012
4554	62.7148
4555	63.0066
4556	62.5229
4557	61.7354
4558	61.7684
4559	61.9164
4560	62.3033
4561	61.8215
4562	61.9408
4563	62.5327
4564	61.261
4565	61.5945
4566	61.409
4567	61.6659
4568	62.271
4569	62.642
4570	62.5937
4571	62.0188
4572	62.2056
4573	61.929
4574	61.9822
4575	62.0064
4576	61.8125
4577	62.668
4578	62.3431
4579	63.1164
4580	62.2511
4581	62.6851
4582	63.4838
4583	64.0683
4584	63.6175
4585	63.7873
4586	63.2396
4587	62.9497
4588	62.7908
4589	63.1359
4590	63.291
4591	62.7565
4592	63.1394
4593	63.2194
4594	63.2267
4595	63.2604
4596	63.1216
4597	62.8338
4598	62.4442
4599	62.098
4600	62.2062
4601	62.2934
4602	62.2556
4603	62.4352
4604	62.9006
4605	63.2746
4606	63.4888
4607	63.1957
4608	62.9235
4609	63.0836
4610	62.9471
4611	62.9726
4612	62.7805
4613	62.3497
4614	62.559
4615	63.1358
4616	63.4549
4617	63.4975
4618	63.5425
4619	63.595
4620	66.2856
4621	66.9075
4622	68.2234
4623	66.7535
4624	66.3772
4625	66.8932
4626	66.8757
4627	67.1807
4628	67.1783
4629	67.6163
4630	68.5259
4631	67.7911
4632	67.3963
4633	67.3911
4634	68.1451
4635	68.0821
4636	68.0447
4637	67.7443
4638	68.2737
4639	68.4628
4640	68.2505
4641	69.0286
4642	69.8685
4643	69.9744
4644	69.5728
4645	68.637
4646	68.2826
4647	68.1958
4648	67.7519
4649	67.0098
4650	66.4725
4651	66.2497
4652	66.1594
4653	65.8244
4654	65.7585
4655	65.8355
4656	65.5906
4657	65.5745
4658	65.2221
4659	65.4244
4660	66.2115
4661	66.627
4662	66.9685
4663	66.4032
4664	66.1832
4665	66.7727
4666	65.9751
4667	65.7508
4668	65.5305
4669	65.4026
4670	65.7238
4671	65.814
4672	65.3065
4673	65.3101
4674	65.6299
4675	65.7476
4676	65.6345
4677	65.8129
4678	65.7742
4679	65.5962
4680	65.6517
4681	65.5799
4682	65.9912
4683	66.0918
4684	66.2155
4685	66.8497
4686	67.5238
4687	67.6812
4688	67.9975
4689	66.6159
4690	65.9931
4691	66.0081
4692	65.5871
4693	65.9485
4694	65.6067
4695	65.6664
4696	66.5072
4697	66.78
4698	66.9436
4699	66.6342
4700	66.5335
4701	66.2921
4702	66.4467
4703	66.8242
4704	66.7377
4705	66.9227
4706	66.2416
4707	66.5022
4708	66.4225
4709	66.255
4710	66.4337
4711	66.6208
4712	66.7454
4713	67.1121
4714	67.371
4715	68.0085
4716	68.4073
4717	68.7448
4718	68.8865
4719	68.8762
4720	69.5218
4721	69.4706
4722	67.0795
4723	66.8605
4724	66.9167
4725	67.192
4726	67.082
4727	66.7617
4728	66.4438
4729	66.3309
4730	66.3634
4731	66.5499
4732	66.3318
4733	66.0016
4734	65.917
4735	65.93
4736	66.3412
4737	66.0987
4738	65.3577
4739	65.6601
4740	65.5859
4741	65.5691
4742	65.6686
4743	66.0199
4744	66.0628
4745	65.6517
4746	65.7147
4747	65.6783
4748	66.5429
4749	66.7044
4750	66.247
4751	66.2022
4752	65.8568
4753	65.5401
4754	65.5149
4755	65.2582
4756	65.6182
4757	65.757
4758	65.8895
4759	65.8145
4760	65.7956
4761	65.8004
4762	65.843
4763	65.9646
4764	66.0763
4765	65.7674
4766	65.589
4767	65.4021
4768	65.4201
4769	64.6694
4770	64.3167
4771	64.2803
4772	63.742
4773	63.7705
4774	64.4993
4775	64.1683
4776	64.5925
4777	64.8012
4778	64.7347
4779	65.4176
4780	65.4726
4781	65.1639
4782	65.3281
4783	65.4072
4784	65.3498
4785	64.7766
4786	64.7373
4787	64.3991
4788	64.5171
4789	64.2469
4790	64.2422
4791	63.945
4792	64.0688
4793	63.9602
4794	63.786
4795	63.7906
4796	63.9798
4797	64.6794
4798	64.7053
4799	64.6917
4800	64.6314
4801	65.335
4802	65.2166
4803	65.2287
4804	65.4703
4805	65.3001
4806	64.8489
4807	64.5598
4808	64.6327
4809	64.4888
4810	64.5372
4811	64.4156
4812	64.4913
4813	64.6106
4814	64.4636
4815	64.5394
4816	64.9084
4817	65.0583
4818	65.3834
4819	65.5547
4820	65.1614
4821	65.1243
4822	65.234
4823	65.0395
4824	64.7919
4825	64.5158
4826	64.6314
4827	64.4326
4828	64.3187
4829	64.3352
4830	63.9794
4831	63.3877
4832	63.1295
4833	62.9095
4834	62.5229
4835	62.8083
4836	63.0452
4837	63.0756
4838	63.0541
4839	63.2265
4840	63.4951
4841	63.4013
4842	63.5841
4843	63.8699
4844	63.766
4845	63.7988
4846	62.9944
4847	63.0204
4848	62.828
4849	62.8129
4850	62.9451
4851	62.8286
4852	62.8666
4853	62.9776
4854	63.129
4855	63.1162
4856	63.1572
4857	63.1271
4858	63.521
4859	63.3791
4860	63.4172
4861	63.834
4862	64.6423
4863	65.0546
4864	65.203
4865	65.0932
4866	65.1299
4867	65.2543
4868	65.4287
4869	65.6017
4870	65.2032
4871	65.8907
4872	65.9961
4873	66.6082
4874	66.784
4875	66.263
4876	65.6196
4877	65.6046
4878	65.9735
4879	66.2608
4880	66.4127
4881	66.7471
4882	66.4897
4883	66.6235
4884	66.9072
4885	66.5002
4886	66.0528
4887	65.9981
4888	65.5698
4889	65.4393
4890	65.4321
4891	65.1909
4892	64.4711
4893	63.8272
4894	64.1213
4895	64.429
4896	64.2199
4897	63.8487
4898	63.9453
4899	63.706
4900	64.1873
4901	64.2888
4902	64.4156
4903	64.6407
4904	65.067
4905	65.4399
4906	65.1312
4907	65.03
4908	64.8259
4909	64.8672
4910	65.0976
4911	64.7416
4912	64.2237
4913	64.3652
4914	64.2548
4915	64.3455
4916	64.0144
4917	63.9542
4918	63.7606
4919	63.6336
4920	63.7997
4921	63.86
4922	63.9966
4923	63.87
4924	63.832
4925	63.8734
4926	63.7748
4927	64.0316
4928	63.248
4929	63.588
4930	63.7298
4931	63.7295
4932	63.9121
4933	63.853
4934	64.2009
4935	64.2101
4936	63.8881
4937	63.7542
4938	63.773
4939	64.0213
4940	63.843
4941	63.7101
4942	63.7637
4943	64.0239
4944	63.9722
4945	64.1005
4946	64.0817
4947	64.4097
4948	64.1401
4949	64.1948
4950	63.8135
4951	63.7185
4952	63.7244
4953	63.5788
4954	63.5653
4955	63.2257
4956	62.5544
4957	62.7686
4958	62.5326
4959	62.5831
4960	62.5283
4961	62.4071
4962	62.2499
4963	62.1673
4964	61.7164
4965	61.7676
4966	62.0315
4967	61.9057
4968	61.9057
4969	61.234
4970	61.2632
4971	60.9474
4972	61.414
4973	61.4328
4974	61.5694
4975	61.5333
4976	61.4654
4977	61.8552
4978	61.8343
4979	61.9515
4980	61.8031
4981	62.338
4982	62.8299
4983	62.3934
4984	63.0359
4985	63.1385
4986	63.9091
4987	63.4342
4988	63.1742
4989	62.7977
4990	63.472
4991	63.7708
4992	63.949
4993	63.047
4994	63.6016
4995	63.4536
4996	63.3085
4997	63.7698
4998	63.6873
4999	63.7413
5000	64.3008
5001	64.9213
5002	65.5177
5003	65.6097
5004	66.9909
5005	66.3274
5006	66.4437
5007	66.0784
5008	66.1854
5009	67.5175
5010	72.0208
5011	71.472
5012	74.0274
5013	73.1882
5014	74.1262
5015	73.8896
5016	77.2131
5017	80.157
5018	78.0443
5019	80.8815
5020	78.8493
5021	77.7928
5022	78.7223
5023	77.7325
5024	76.4074
5025	75.455
5026	75.7499
5027	74.605
5028	73.7515
5029	73.5245
5030	73.315
5031	73.7145
5032	74.7119
5033	73.9441
5034	74.6657
5035	76.2562
5036	77.0416
5037	75.129
5038	74.7163
5039	74.496
5040	74.5706
5041	73.6894
5042	72.7263
5043	73.9719
5044	74.1169
5045	73.8725
5046	73.4326
5047	73.5819
5048	73.9298
5049	73.2056
5050	72.9798
5051	72.3918
5052	72.3381
5053	70.924
5054	71.8804
5055	71.5962
5056	71.1408
5057	71.0635
5058	71.1012
5059	70.752
5060	69.7114
5061	68.9831
5062	68.3413
5063	69.0151
5064	68.6319
5065	68.3123
5066	68.6745
5067	68.6183
5068	69.1219
5069	70.395
5070	69.7524
5071	69.4822
5072	69.618
5073	69.5725
5074	69.4835
5075	68.8376
5076	68.8376
5077	69.466
5078	69.1284
5079	69.9513
5080	70.4413
5081	70.4413
5082	70.5198
5083	70.4999
5084	71.3409
5085	72.1719
5086	71.2379
5087	70.88
5088	71.2298
5089	70.7479
5090	71.1275
5091	70.7998
5092	71.231
5093	71.7139
5094	71.9628
5095	70.9668
5096	70.7881
5097	70.963
5098	71.5974
5099	71.585
5100	71.9196
5101	72.2348
5102	73.3633
5103	73.4261
5104	74.1586
5105	73.3806
5106	73.2806
5107	73.0397
5108	73.6376
5109	73.775
5110	73.1522
5111	73.2351
5112	73.6067
5113	73.2157
5114	72.9676
5115	73.4321
5116	73.2392
5117	73.7711
5118	74.0999
5119	74.4184
5120	74.5126
5121	75.5379
5122	75.2354
5123	74.6382
5124	73.8039
5125	73.5849
5126	73.8588
5127	75.468
5128	75.1823
5129	75.591
5130	75.9645
5131	76.0713
5132	75.5274
5133	74.8896
5134	74.7148
5135	75.1884
5136	74.9278
5137	75.1941
5138	75.0319
5139	76.0381
5140	76.2711
5141	76.3545
5142	77.178
5143	76.8195
5144	78.6713
5145	79.6845
5146	78.7847
5147	77.2774
5148	78.0915
5149	78.1281
5150	78.5119
5151	78.0921
5152	77.9157
5153	77.0284
5154	77.0239
5155	77.2855
5156	77.2759
5157	77.9461
5158	77.9644
5159	77.9241
5160	77.778
5161	77.0322
5162	77.0809
5163	76.4667
5164	76.4443
5165	76.4556
5166	77.552
5167	78.8699
5168	79.3323
5169	80.5749
5170	80.0006
5171	78.4559
5172	77.1875
5173	76.9515
5174	76.3978
5175	76.2075
5176	77.1148
5177	77.3262
5178	76.9197
5179	76.253
5180	75.9268
5181	76.2627
5182	76.012
5183	75.76
5184	75.8146
5185	75.4727
5186	75.4518
5187	75.8599
5188	76.1999
5189	76.3203
5190	75.6151
5191	75.1996
5192	74.2529
5193	74.2506
5194	73.6618
5195	73.3057
5196	73.7124
5197	73.1195
5198	72.9272
5199	73.4453
5200	73.4201
5201	72.9781
5202	73.3155
5203	74.6721
5204	75.3498
5205	75.4571
5206	74.8392
5207	73.6921
5208	73.7175
5209	73.6567
5210	73.8757
5211	73.8757
5212	74.5157
5213	74.2663
5214	73.5264
5215	73.7961
5216	73.5453
5217	73.9735
5218	73.7243
5219	73.355
5220	73.3694
5221	74.3615
5222	74.8569
5223	75.6354
5224	75.04
5225	76.1854
5226	76.2527
5227	75.5053
5228	75.9051
5229	76.0801
5230	75.7293
5231	75.1107
5232	74.2602
5233	74.1192
5234	73.8526
5235	73.7579
5236	73.9378
5237	73.3092
5238	73.2895
5239	73.7669
5240	73.7755
5241	73.9717
5242	73.9833
5243	73.7532
5244	73.4747
5245	74.4373
5246	74.0448
5247	74.5755
5248	73.5187
5249	73.7864
5250	74.4275
5251	74.264
5252	74.0393
5253	73.4996
5254	73.5081
5255	73.2317
5256	72.9619
5257	73.1019
5258	73.6582
5259	74.139
5260	74.6085
5261	75.3585
5262	76.1535
5263	76.1741
5264	75.7576
5265	75.8287
5266	75.7023
5267	75.6373
5268	75.8073
5269	76.0734
5270	76.6052
5271	76.3802
5272	77.773
5273	77.1011
5274	77.1657
5275	77.5104
5276	77.2535
5277	75.6826
5278	76.9808
5279	75.5535
5280	76.2491
5281	76.0155
5282	76.8198
5283	76.4217
5284	75.0893
5285	74.768
5286	74.9578
5287	74.939
5288	74.3823
5289	74.8451
5290	75.2567
5291	74.8617
5292	74.577
5293	74.1373
5294	74.1567
5295	74.04
5296	74.3566
5297	73.9968
5298	73.8537
5299	73.6992
5300	73.6778
5301	73.6007
5302	73.5803
5303	73.5266
5304	73.3963
5305	73.4737
5306	73.458
5307	73.587
5308	73.2965
5309	73.2411
5310	73.4979
5311	73.2636
5312	73.2721
5313	72.9294
5314	72.8256
5315	72.0829
5316	72.1974
5317	71.6797
5318	71.8318
5319	72.0323
5320	72.5048
5321	72.2216
5322	73.1987
5323	73.1661
5324	72.6671
5325	72.326
5326	72.1694
5327	72.1777
5328	72.3723
5329	72.7234
5330	72.9086
5331	73.6175
5332	73.354
5333	73.266
5334	74.058
5335	75.1952
5336	74.4675
5337	74.6336
5338	74.0589
5339	74.1236
5340	74.2197
5341	74.1656
5342	74.3463
5343	74.491
5344	74.4947
5345	73.6945
5346	73.7663
5347	74.098
5348	73.8471
5349	73.6088
5350	73.1904
5351	73.1388
5352	73.0156
5353	72.8724
5354	72.7857
5355	73.168
5356	73.1304
5357	73.5078
5358	73.5962
5359	73.9695
5360	73.5671
5361	73.4721
5362	73.392
5363	73.4753
5364	73.4633
5365	74.1503
5366	74.364
5367	74.0666
5368	73.9465
5369	73.7428
5370	73.9908
5371	73.9866
5372	73.5744
5373	73.2781
5374	73.1912
5375	72.8491
5376	72.8545
5377	72.9538
5378	73.1909
5379	73.4421
5380	73.129
5381	72.76
5382	73.0841
5383	72.7171
5384	72.852
5385	72.4329
5386	72.5602
5387	73.3315
5388	73.2067
5389	72.8806
5390	72.7245
5391	73.0081
5392	72.6613
5393	72.5083
5394	72.7608
5395	72.6642
5396	72.9215
5397	72.9239
5398	72.5686
5399	72.5682
5400	72.2854
5401	71.9882
5402	71.6373
5403	71.8801
5404	71.8577
5405	71.7846
5406	71.2371
5407	71.1714
5408	70.9674
5409	71.0555
5410	70.9904
5411	70.8623
5412	70.1345
5413	69.5526
5414	69.8104
5415	70.5207
5416	70.52
5417	71.0863
5418	71.4783
5419	71.4876
5420	71.3975
5421	71.2866
5422	70.695
5423	71.1964
5424	71.8118
5425	72.2724
5426	72.5553
5427	72.8228
5428	72.6022
5429	72.7617
5430	73.4506
5431	74.8327
5432	74.3726
5433	74.6004
5434	75.5873
5435	74.9818
5436	74.8926
5437	73.9746
5438	74.0637
5439	73.7426
5440	73.6694
5441	74.1399
5442	73.8453
5443	73.5998
5444	73.6059
5445	73.4107
5446	73.4698
5447	73.851
5448	73.5708
5449	73.733
5450	74.2947
5451	73.8206
5452	73.7901
5453	73.3583
5454	73.1886
5455	73.2329
5456	73.4959
5457	73.6514
5458	74.2926
5459	75.1315
5460	74.8355
5461	74.5277
5462	74.5686
5463	75.7668
5464	76.0404
5465	76.3347
5466	76.8697
5467	76.4408
5468	76.6903
5469	77.3649
5470	78.6422
5471	78.9437
5472	78.947
5473	77.8174
5474	77.4702
5475	77.1302
5476	76.4849
5477	76.6501
5478	76.0509
5479	75.6806
5480	75.3042
5481	74.8015
5482	74.7241
5483	74.9867
5484	76.5762
5485	76.166
5486	75.0141
5487	75.7527
5488	75.7619
5489	76.7671
5490	80.4194
5491	86.9288
5492	83.5485
5493	93.5589
5494	91.7457
5495	103.2487
5496	111.7564
5497	105.8124
5498	105.8124
5499	116.0847
5500	120.3785
5501	116.7517
5502	115.1963
5503	111.4823
5504	108.0521
5505	104.8012
5506	103.9524
5507	104.6819
5508	104.0741
5509	103.1618
5510	96.0458
5511	95.6618
5512	93.7125
5513	86.2843
5514	84.0851
5515	83.4097
5516	83.4285
5517	83.5932
5518	83.352
5519	82.5962
5520	76.2547
5521	74.8501
5522	79.1596
5523	79.6274
5524	79.8471
5525	81.288
5526	80.0437
5527	79.4529
5528	79.0287
5529	77.0809
5530	74.999
5531	73.505
5532	73.3611
5533	72.7089
5534	72.8764
5535	72.2953
5536	71.0237
5537	69.416
5538	66.2378
5539	67.3843
5540	68.8389
5541	65.7916
5542	63.7799
5543	63.4445
5544	63.5428
5545	63.5643
5546	62.4031
5547	58.8862
5548	58.2087
5549	56.969
5550	56.2996
5551	62.0495
5552	66.4029
5553	63.0975
5554	61.6069
5555	61.4733
5556	61.575
5557	61.9659
5558	61.1094
5559	60.9565
5560	60.2282
5561	58.3895
5562	57.778
5563	57.0926
5564	56.6624
5565	56.8691
5566	56.7101
5567	56.1727
5568	54.7081
5569	53.2788
5570	53.3578
5571	53.3234
5572	53.3641
5573	52.9699
5574	51.158
5575	52.5123
5576	53.7676
5577	55.0858
5578	58.5118
5579	62.911
5580	63.1427
5581	61.2664
5582	61.3045
5583	58.8541
5584	58.5322
5585	58.2568
5586	57.8323
5587	56.5616
5588	55.437
5589	54.8491
5590	56.4783
5591	57.3917
5592	57.7821
5593	58.6605
5594	60.2198
5595	60.2031
5596	61.3101
5597	62.0506
5598	60.1595
5599	60.2374
5600	60.258
5601	60.3696
5602	60.3164
5603	60.3814
5604	60.4542
5605	60.6229
5606	60.8993
5607	61.3747
5608	61.4247
5609	60.7552
5610	59.957
5611	59.1321
5612	59.7419
5613	59.8963
5614	59.9974
5615	59.7699
5616	60.0924
5617	60.3636
5618	60.3677
5619	60.2386
5620	60.237
5621	60.3713
5622	60.9033
5623	60.8544
5624	61.1814
5625	60.801
5626	60.4696
5627	60.4568
5628	60.0676
5629	59.7751
5630	59.6663
5631	60.0316
5632	60.1662
5633	60.0158
5634	60.8685
5635	59.8318
5636	58.1006
5637	57.999
5638	58.1756
5639	58.4485
5640	57.413
5641	55.2987
5642	57.5664
5643	58.7913
5644	59.4043
5645	60.2534
5646	61.2475
5647	62.3126
5648	63.684
5649	63.7559
5650	63.4917
5651	63.0558
5652	61.7634
5653	61.7032
5654	61.5905
5655	61.5018
5656	61.1958
5657	61.1629
5658	61.3326
5659	61.4277
5660	61.3589
5661	61.5343
5662	61.6229
5663	61.4275
5664	61.6175
5665	62.0955
5666	61.2367
5667	60.9774
5668	61.0611
5669	61.2434
5670	60.2179
5671	60.3982
5672	60.3116
5673	60.3484
5674	60.3894
5675	60.3741
5676	60.7379
5677	60.6566
5678	60.5043
5679	60.3866
5680	60.4797
5681	60.752
5682	61.0742
5683	60.8803
5684	61.1479
5685	61.7749
5686	62.1849
5687	62.9103
5688	62.9372
5689	62.5722
5690	62.3813
5691	62.7674
5692	63.212
5693	63.359
5694	64.3015
5695	64.6078
5696	66.3474
5697	69.0037
5698	70.5256
5699	72.1306
5700	68.676
5701	68.4487
5702	69.9346
5703	71.3261
5704	71.9778
5705	70.3375
5706	70.3002
5707	69.6094
5708	69.0202
5709	67.7775
5710	67.5744
5711	68.2892
5712	68.6644
5713	68.8728
5714	68.8467
5715	68.6656
5716	68.6288
5717	68.7529
5718	68.9573
5719	69.1263
5720	69.3372
5721	69.5927
5722	70.5174
5723	70.1217
5724	70.0414
5725	70.3847
5726	70.5991
5727	70.8924
5728	71.5763
5729	72.8949
5730	72.7923
5731	73.6307
5732	73.8645
5733	74.2077
5734	74.7638
5735	74.7588
5736	74.0432
5737	74.8596
5738	74.7087
5739	75.4323
5740	74.8932
5741	75.2513
5742	75.4729
5743	75.4592
5744	75.4728
5745	75.4577
5746	75.9028
5747	75.9406
5748	75.4609
5749	75.1927
5750	75.7457
5751	76.4095
5752	76.6044
5753	77.2422
5754	76.8373
5755	76.9561
5756	76.3072
5757	76.4479
5758	76.5662
5759	76.5939
5760	76.9781
5761	77.0863
5762	77.3233
5763	77.951
5764	79.3563
5765	79.4961
5766	80.6713
5767	82.3988
5768	81.7441
5769	82.1799
5770	82.0934
5771	81.6758
5772	81.5045
5773	81.6279
5774	81.6028
5775	81.6549
5776	81.6188
5777	81.4863
5778	81.2745
5779	81.5499
5780	81.6274
5781	81.5601
5782	80.5093
5783	79.9609
5784	79.3071
5785	78.6139
5786	76.8207
5787	76.6929
5788	75.8846
5789	77.2041
5790	79.1004
5791	79.9798
5792	80.7642
5793	80.0366
5794	79.9093
5795	79.9379
5796	80.1665
5797	79.9669
5798	79.9841
5799	79.9667
5800	80.0555
5801	80.6872
5802	80.9942
5803	80.9657
5804	80.8756
5805	81.3294
5806	81.2502
5807	81.4581
5808	82.093
5809	82.6417
5810	83.6405
5811	84.3249
5812	83.9611
5813	83.6498
5814	83.9866
5815	84.2336
5816	84.2467
5817	83.6077
5818	84.0793
5819	84.6642
5820	85.0504
5821	85.6192
5822	87.0341
5823	88.3844
5824	89.3255
5825	89.545
5826	90.338
5827	92.5695
5828	91.6879
5829	91.4931
5830	90.5045
5831	90.6253
5832	90.1757
5833	90.119
5834	90.4217
5835	90.6906
5836	91.2046
5837	90.8545
5838	90.3846
5839	90.489
5840	90.0945
5841	90.0468
5842	90.0225
5843	90.9783
5844	91.5923
5845	91.7755
5846	92.841
5847	93.7792
5848	94.8076
5849	96.5668
5850	96.0755
5851	97.3999
5852	97.2794
5853	98.2066
5854	101.0399
5855	97.4217
5856	96.7045
5857	93.746
5858	93.4047
5859	94.1424
5860	94.1185
5861	94.4421
5862	94.4007
5863	94.7117
5864	95.4717
5865	95.707
5866	95.9283
5867	96.3344
5868	96.3411
5869	96.6199
5870	97.5383
5871	97.8439
5872	98.1961
5873	97.9241
5874	96.5083
5875	94.7035
5876	95.9794
5877	96.1609
5878	96.6338
5879	96.6472
5880	96.2236
5881	96.6172
5882	96.0762
5883	96.0419
5884	96.1456
5885	96.2378
5886	96.5
5887	97.0018
5888	97.4147
5889	98.4785
5890	99.2677
5891	99.4555
5892	99.6762
5893	100.4911
5894	101.3598
5895	99.9349
5896	99.9808
5897	96.9948
5898	97.3075
5899	97.2865
5900	97.3458
5901	97.3724
5902	97.3074
5903	95.9053
5904	94.7081
5905	93.5224
5906	93.1507
5907	93.5616
5908	93.2174
5909	93.2435
5910	92.0226
5911	93.2801
5912	93.173
5913	93.0351
5914	92.4151
